Kilometers_Driven,Engine_Temp,Oil_Quality,Battery_Voltage,Brake_Pad_Thickness,Chain_Condition,Vibration_Level,Bike_Status,AirFilter_Condition
16295,69.02148639271289,53,11.048605377744533,5.415258189674667,Loose,Medium,1,Clogged
1360,98.44453855035856,67,12.199663651206505,3.0719137240891663,Normal,Low,0,Clean
38658,80.24036146317259,87,12.629430571850284,6.0,Normal,High,1,Clogged
45232,82.69311924352957,26,11.762924445119785,5.846276037089334,Worn,Medium,1,Clean
11784,81.11409113641696,28,12.645354534782864,2.415888300357268,Normal,Low,1,Clogged
6765,77.04013845480276,80,13.241958389241406,2.650078712716384,Normal,High,1,Clean
17350,90.7278244191724,34,11.184307560392984,4.059428410816544,Loose,Medium,1,Clogged
37694,77.53574825383444,62,11.667648993937307,1.394549475360476,Loose,Low,1,Clean
22462,94.0568523866976,35,12.62936928953493,2.974089059145726,Normal,Medium,0,Clogged
47691,89.24642835826295,68,12.822293810608034,2.854209198551926,Normal,Low,0,Clogged
44631,86.41577929700385,23,13.016656262436756,5.721399130336049,Normal,Low,1,Dusty
16523,76.38654506937603,52,12.577622635221438,3.693221462605347,Loose,Low,0,Dusty
41590,81.34843004147501,49,12.823058683511066,3.158279626955365,Normal,High,1,Dusty
2185,101.33086838738636,98,13.132436495978476,2.7422183207776385,Normal,Low,0,Dusty
1269,97.5137578143657,59,12.209879328760772,4.5728595167897526,Loose,Medium,0,Clean
2933,75.33667132802174,59,12.073989739795506,2.90394701128351,Normal,Low,0,Clean
5811,91.4899845814384,22,12.382045358345591,3.439660431,Loose,Medium,1,Clogged
38319,101.27080685057685,67,12.639641559594187,2.733051773033643,Normal,Medium,0,Clogged
39688,64.95892078317942,96,12.039208589759076,1.6789554415815269,Normal,Medium,1,Dusty
18068,98.15040288569902,51,12.224369878468751,2.304757846756804,Loose,Low,0,Dusty
20269,80.0606436158123,79,12.778391239355107,2.897633951162368,Normal,Medium,0,Clean
29193,98.5589800288974,61,12.6104255467208,3.184094203683645,Normal,High,1,Clean
6896,78.55111265186224,49,12.370264014028969,3.236691288891792,Normal,Medium,0,Clean
27980,62.92676849003222,37,11.281251482956144,3.3932963593774854,Loose,Low,1,Clean
41934,65.58686343175256,21,12.497544405594022,2.913574843818789,Worn,High,1,Clogged
26158,90.72127419992071,74,11.82099722274367,5.118951617802088,Worn,Low,1,Dusty
19442,93.89583752582224,8,13.18815789364413,4.637580943828379,Normal,Medium,1,Clogged
18931,76.43525062343387,24,12.283895192705044,3.337868879370994,Normal,High,1,Clogged
3247,99.5788868816606,51,11.802637560644236,3.8051099356891953,Normal,Low,0,Clogged
689,65.0771990659656,95,12.456919708283966,3.053494110256454,Loose,Low,0,Clogged
19618,89.00880302029024,19,13.389489709564534,0.5,Normal,Low,1,Clean
36273,71.83475700356315,74,12.941571094401231,3.52459161551123,Worn,Medium,1,Clean
2399,80.22245838296762,51,12.653942005424154,3.866737233501459,Normal,Medium,0,Dusty
1767,90.7109800697462,82,11.5717334586672,1.5648058903517272,Worn,Low,1,Dusty
32051,77.09379952074072,79,13.5,4.099293283033523,Loose,Low,0,Clogged
11894,84.23166683655262,13,12.064860978174869,3.163307986466229,Loose,Low,1,Clogged
4056,105.0943921382166,94,13.15364873901064,3.905520464761594,Normal,Low,0,Clogged
4390,81.34662195715276,20,12.27224598515401,3.199521623155897,Normal,Low,1,Clean
42106,102.53538168097712,73,13.086255510738267,5.001145369072219,Normal,High,1,Clogged
31240,73.05439718013574,65,13.414811867112691,3.771474584700904,Normal,Low,0,Clogged
15002,97.94706266872925,14,12.953696088935274,4.7028997504064085,Normal,High,1,Clean
22277,111.6235293098685,54,13.029098471831958,4.801671370609934,Normal,Medium,1,Clogged
11127,60.0,7,12.431092709691058,2.156533128693908,Normal,Low,1,Dusty
9292,78.04657116794284,81,12.196223700549032,2.6131797559746226,Loose,Medium,0,Clogged
43823,98.6560819077081,98,12.596809082850069,4.041932819271507,Loose,Medium,0,Clean
43521,86.9543192093551,74,12.262059845961549,3.061355259490193,Normal,Low,0,Clogged
8933,95.56718810056964,85,13.5,3.213671876892445,Worn,Low,1,Dusty
43501,80.94022219926269,55,11.80534919945664,5.043877786604732,Normal,Low,0,Dusty
11516,91.2988468120935,23,13.201459651613286,3.127560346169516,Normal,Low,1,Clogged
24397,87.66484146911881,46,12.862037784177309,2.337284782101701,Normal,Low,0,Clogged
3112,107.5167309248971,39,12.660910545686756,2.4994399980372863,Loose,Low,0,Clogged
23983,93.8163126495182,50,13.5,6.0,Normal,Low,0,Dusty
49055,95.06403993112804,30,12.708864216820825,3.286136623537716,Normal,Low,0,Clean
17659,83.821845508163,73,12.05556515618031,1.862902693738508,Loose,Low,1,Dusty
45474,82.6859066389126,97,12.704211264077385,1.376649685620087,Normal,Low,1,Clogged
41494,83.51162718270568,68,12.37177521176634,2.750436028791064,Loose,Low,0,Clogged
15041,95.91678213567444,41,12.852299268171654,3.26417345668714,Worn,High,1,Clogged
36420,83.68523278769605,88,13.069151542140649,4.639008447713207,Worn,Low,1,Dusty
27031,94.3466228534462,53,11.89863844034515,4.52281419975412,Normal,Medium,0,Clogged
2085,121.13101197968156,25,13.336735282601971,3.492384294712598,Normal,Low,1,Clean
4443,103.0668705514754,78,12.32157010859208,2.954997696608493,Normal,High,1,Dusty
24439,85.10964701748239,68,12.810529745877524,3.907522224106028,Normal,Low,0,Clogged
19957,108.01820883245918,9,12.931921119224487,1.4015047086363346,Normal,High,1,Clogged
1521,83.87886940467673,74,12.75717208344144,5.877297072715061,Normal,Medium,0,Clogged
12153,60.0,94,12.423624037643204,4.284926715027933,Worn,Low,1,Clean
44073,74.87870533623894,8,12.157981692605135,4.540388263673927,Worn,High,1,Clogged
13917,61.93812118461216,43,12.311703844887662,2.2110159417480677,Normal,Medium,0,Clean
41257,84.72729773938038,39,13.5,5.039178369555915,Normal,Low,0,Dusty
10192,90.27627568784328,5,11.893893494009658,2.9479794067684457,Normal,Medium,1,Clean
46258,115.14655968412924,28,11.996529663425925,2.3569302526177243,Normal,High,1,Dusty
7373,94.90391060646245,61,11.9657958237994,3.4529931552725364,Loose,Low,0,Dusty
6175,86.71349206786704,74,12.595027715942363,3.4249338968139518,Loose,Low,0,Clogged
661,102.44108371775232,45,11.432706185008536,2.205755512985604,Worn,Medium,1,Clogged
37565,60.0,58,11.552508100705923,2.426075175750362,Loose,Medium,0,Clean
27057,93.53421837162848,50,12.31733161692852,2.33212186960634,Normal,High,1,Clogged
34263,101.5629779083045,64,11.598557188291233,2.3435419185718107,Loose,Medium,0,Clean
33106,67.82120631330238,64,11.655610083502038,3.0342825114804794,Normal,Low,0,Clogged
12034,107.15631064810394,61,11.603812113445942,1.8332178365930505,Normal,High,1,Clogged
29627,95.0774461124162,35,11.90737180360667,2.670350603103277,Normal,Low,0,Clogged
40897,83.77068129148797,88,13.011872554669283,4.754161458061123,Normal,Low,0,Clean
26351,99.49172799159427,28,13.168995569284755,4.487971342525021,Normal,Medium,1,Clean
1516,124.06039286706591,93,13.5,2.240144910928694,Normal,Medium,1,Clean
24753,92.72799382587743,40,13.5,4.64984590075308,Worn,Low,1,Clean
24776,93.72330879450504,89,13.050418896916312,1.1402728770367414,Normal,Medium,1,Clean
23747,83.10958650689633,34,13.219374372360722,6.0,Normal,Low,0,Dusty
24800,77.25233445802812,28,12.591771463480145,5.060375830562711,Normal,Low,1,Clean
9029,102.45503724816368,34,12.863905396408589,2.828321705431872,Loose,High,1,Dusty
17762,77.15874261136699,90,13.5,3.958911874082132,Normal,Low,0,Dusty
9768,91.07349355829088,96,12.75984900763978,1.8188968062690447,Worn,Low,1,Dusty
21771,82.83513829852325,11,13.307267004981668,3.572531347910976,Worn,Low,1,Clean
12685,97.18469738619588,39,11.845953873995043,3.27960436099704,Normal,High,1,Dusty
21743,95.00493157930424,59,12.033632893019242,2.4982839327291253,Loose,Low,0,Dusty
39599,105.56309916386849,96,12.718448718456475,2.937731016408969,Normal,Low,0,Clogged
9071,82.3497540171788,18,12.604952169044374,2.819615029028688,Normal,Medium,1,Clean
40476,85.95187597059943,14,12.066046068816572,2.1419159368188376,Loose,Low,1,Dusty
38544,75.3185442632654,84,13.5,2.470223304924004,Normal,Low,0,Clogged
49716,83.33560109885832,20,12.620815872740408,1.769786688800345,Normal,Medium,1,Clogged
49484,95.6595073956728,58,12.190092463470735,4.528796918672741,Normal,Low,0,Dusty
41274,101.35482924968028,99,12.606133179152442,2.381464704252477,Normal,High,1,Clean
3068,76.16752013733561,93,12.517798691828144,2.033574954115815,Worn,Low,1,Clean
2527,103.0440888015849,81,12.63146178352376,4.509805615779197,Normal,Low,0,Clean
3195,110.33456788207428,74,11.384398089254278,3.943544425207196,Loose,Low,1,Clogged
48690,96.20152354835552,48,13.404362687596803,4.465401267138751,Normal,Low,0,Clogged
5758,118.151937188371,77,13.444180594307404,4.599299869035985,Loose,Medium,1,Clogged
22502,78.3931620134464,49,13.5,5.824945876326108,Normal,Low,0,Clogged
40004,71.33017945032874,60,12.727802230975408,3.3127522799681786,Normal,Low,0,Clogged
33659,63.319196266435824,88,12.96373674211516,1.750870785205391,Worn,Medium,1,Clean
14486,112.44066467233776,86,11.893641136394924,3.8252453609145514,Normal,Medium,1,Dusty
13166,99.81548484531086,61,13.083029530018171,2.697194452544219,Normal,Low,0,Clogged
39160,89.16622993634317,25,12.676251394825757,2.3509936600213512,Normal,Low,1,Dusty
4061,94.19952939479732,72,12.17771536905253,3.619910206660689,Loose,Low,0,Clean
27354,73.11766429052435,54,13.105321284148587,4.538903279611508,Normal,Low,0,Clogged
39452,126.6862796942524,37,13.13241432526377,2.49680619008446,Worn,Low,1,Dusty
23162,91.9383177296284,95,12.542426184972452,5.029265704798062,Normal,Medium,0,Dusty
8892,91.6409219190734,11,12.806867806089882,2.312463249196621,Normal,High,1,Clean
31035,100.88649935848038,74,11.777798091646508,3.207316134409444,Loose,Low,0,Clogged
13567,97.2151384760507,19,13.370228406050051,3.9635694581370418,Loose,Low,1,Dusty
48533,93.35826036418698,86,11.87083076837557,3.03452094957913,Worn,Low,1,Dusty
24099,78.14288316832032,36,12.006202046344576,1.368797193273756,Worn,Low,1,Clogged
35722,97.07202535703992,79,12.543620951801376,4.612888990146566,Normal,Low,0,Clean
12337,118.2303674471255,24,13.280161398952922,2.7518427915727672,Normal,High,1,Clogged
14539,110.18130069232468,92,13.279764043250962,4.393878139272431,Normal,Medium,1,Clogged
31318,113.89779939959097,19,12.496622764666409,1.9830270379668056,Loose,High,1,Clean
19615,82.33176485353222,52,13.041109353577667,2.1878761014843056,Worn,High,1,Clean
11465,75.15592769612128,75,11.317659085469773,4.534920091466429,Normal,Low,1,Dusty
25038,88.11319619850528,25,11.996476006909312,3.908609711290428,Normal,Medium,1,Clogged
43030,90.83587368433042,46,12.01073469237548,2.973697147178388,Normal,Low,0,Clean
5556,106.41287277706422,30,13.376549036831872,3.926037917805005,Loose,Low,0,Dusty
32982,64.61303055427771,18,12.958257914035606,2.3551530373467706,Normal,High,1,Clogged
48216,112.9432547919092,61,12.62925694313322,3.632310940986691,Normal,Low,1,Clean
8610,87.62988152131516,41,12.697214544680564,3.6542647080680783,Normal,High,1,Dusty
14273,83.5967839507887,62,13.5,3.0514620737707654,Loose,Low,0,Clean
27766,74.81843437109748,25,12.380874233445414,2.49765715329109,Loose,High,1,Clogged
17912,65.17714992201346,86,11.580152884026171,3.5842982938577523,Loose,High,1,Clogged
33770,102.34755875942872,73,13.261036629076711,3.4340226280389223,Normal,Medium,0,Clean
7410,91.09976950782604,7,12.627287326043543,2.941013505296469,Normal,Medium,1,Clean
45953,70.6505865038842,91,13.167570174716047,2.2594226357831,Loose,Low,0,Clean
25946,70.57381841904575,94,12.468664634829445,3.514972459202561,Worn,High,1,Dusty
706,84.96322951064808,41,11.912917333407275,2.944013162196073,Normal,High,1,Clean
22018,115.0353228793409,92,12.781975204758083,2.25841085547568,Normal,Medium,1,Dusty
22861,86.10612972954593,53,12.507122549519002,3.5522357729097336,Normal,Medium,0,Clogged
23919,67.45285570322841,23,12.629459598012089,5.429966566466463,Normal,Medium,1,Dusty
49202,86.31385403871083,93,13.5,3.0598068009115065,Loose,High,1,Dusty
42023,85.90914645378494,89,11.73090826583071,5.297331849490427,Normal,Medium,0,Clean
45651,60.0,16,12.700143062333188,6.0,Normal,High,1,Dusty
22903,89.18557700223282,65,11.926702316888926,2.35589731714679,Normal,Medium,0,Dusty
18641,86.53598204686983,45,10.68661781881596,3.510853049838757,Normal,Low,1,Clean
15320,100.44309547220128,37,12.465724367684444,6.0,Normal,Low,0,Dusty
40842,117.73434142418016,54,12.521716055899866,3.354704046309147,Normal,Low,1,Dusty
6874,106.89847544321636,72,12.936465472065532,3.54417457491848,Normal,Low,0,Clean
2178,85.96666964167754,75,12.34772147599124,1.49599343075013,Loose,Low,1,Clogged
34327,73.40211136887494,90,11.45769975141322,2.862005719616399,Normal,Medium,1,Dusty
16698,128.6003970487479,37,11.924297895921596,4.166706421602725,Normal,Low,1,Clogged
10414,90.88827651021732,85,13.421871185680692,6.0,Worn,Low,1,Clean
28390,90.2089393786942,28,11.914360449496558,3.2647917998339717,Loose,Medium,1,Clogged
22799,89.63812369334995,65,13.5,1.5048484132983742,Loose,High,1,Clean
44085,92.97127141151782,65,13.234989004799967,1.813700971072029,Normal,Medium,1,Clogged
44189,87.83459382114086,32,12.27755357696475,3.457052376874044,Normal,High,1,Clogged
43057,81.39506989679646,62,11.989644585828112,4.912648157662699,Normal,Medium,0,Clogged
49580,81.79711588139412,47,13.233539078391406,4.264824419450474,Normal,Low,0,Clean
44520,89.50870094676003,45,12.331362128434463,4.052307036212151,Normal,Medium,0,Clean
3193,81.84862843299352,43,11.41804490221003,5.070973264301116,Worn,Medium,1,Dusty
29967,79.30731325984253,90,12.89362163443628,2.6357250949772584,Normal,Low,0,Clean
30223,91.59645341537843,53,12.79208441350073,3.5229136639490783,Normal,Low,0,Clogged
47199,86.17534173868717,21,13.296394341900344,2.875541455757125,Normal,Medium,1,Clean
4127,112.55989482874033,74,12.744716499552208,3.1742531174575115,Normal,Low,1,Dusty
26439,60.0,74,12.115597116067995,2.292476774809418,Loose,Medium,0,Dusty
49425,106.37260277883692,69,13.388775187721494,3.087228714279445,Normal,Low,0,Clogged
43441,108.69127788746444,78,13.45689330287519,3.466741320505521,Loose,Medium,0,Clean
22334,60.0,89,12.663244174789645,3.05423420016614,Worn,Medium,1,Clean
18547,84.85968608879477,9,12.54222534017308,3.306726196383438,Normal,Low,1,Clean
26605,84.42838701006313,6,11.573710283826426,3.986048652124624,Normal,Low,1,Dusty
10730,68.88732457923268,26,12.074731560357469,4.986434922877279,Worn,Medium,1,Dusty
16207,78.33274968613686,61,13.032538749371549,5.073387041735117,Loose,High,1,Dusty
22476,73.34136231801257,70,12.10990378974611,4.413706120876391,Normal,High,1,Clogged
44762,116.28405665135436,78,11.480213491424674,1.988022225874021,Worn,Low,1,Clean
24276,104.03517589721191,20,13.5,3.067508017316176,Normal,Medium,1,Clogged
30580,109.07332642491238,55,11.47561582910132,3.1708579631448783,Worn,Low,1,Clogged
1806,100.82508096064852,43,13.5,2.7114202030537227,Normal,Low,0,Clean
7276,73.06422343174157,90,12.284803588781218,3.910821414835528,Normal,Low,0,Clogged
27751,82.1321960058034,80,12.440805900599337,1.586805808062251,Worn,Medium,1,Clean
9974,97.34061841841876,92,12.02940520946868,5.53227976343395,Normal,Low,0,Clean
40794,71.66808286662082,44,13.047986015316525,4.934264805826057,Normal,Low,0,Clogged
22459,100.69497645258582,42,11.49215805082294,4.073842714282109,Normal,Medium,1,Clean
6030,86.39511902762797,64,11.21176967463608,3.4254688040957784,Worn,Medium,1,Clogged
29820,84.37768788675604,63,13.5,4.974607154087064,Loose,Low,0,Clogged
4248,100.66439952305235,14,11.937219320835116,4.32728592413632,Loose,Low,1,Clean
32468,96.6639496722906,68,13.02226168367778,4.827965341061711,Normal,Low,0,Clogged
33062,84.5855075127138,67,11.74018074617265,3.429137501288192,Loose,Low,0,Dusty
14045,107.38994705046372,53,12.995894730026208,5.647175703,Normal,Medium,0,Dusty
1163,73.78405008600154,68,13.5,4.900265450827828,Normal,Low,0,Dusty
35266,99.23903410416396,36,12.13101503020942,4.111443554523118,Loose,Medium,0,Clogged
8494,98.89651886952576,11,11.146591225249814,5.007167504517385,Normal,High,1,Dusty
28521,85.35680341029014,25,13.5,2.9970056697992336,Normal,Low,1,Dusty
30803,94.89199533363175,24,13.148371025067425,2.098999568783568,Normal,High,1,Dusty
3804,71.23329635422046,30,12.168500136360084,3.885860615656971,Normal,Low,0,Clean
47076,103.86040528810352,72,12.347433562711949,3.431491465023837,Worn,Low,1,Clogged
39853,87.22646795335517,90,11.72254346262522,3.262739189266845,Normal,Low,0,Clogged
18175,82.1591546922144,19,13.494179852709372,4.959574447219284,Loose,Low,1,Dusty
44917,105.73513838755332,89,12.125699074532548,3.7005670558527566,Normal,Low,0,Dusty
24438,79.4348446418586,83,11.506904023716768,3.816282888242581,Normal,Low,0,Clean
24164,68.8730805545466,90,12.64955211705873,3.1075369294950845,Normal,Medium,0,Clean
2136,66.65056239714144,96,11.897990646895025,4.557347767135431,Loose,High,1,Clean
20580,99.0901492701846,18,11.778989796895823,4.342250937569504,Loose,Medium,1,Clean
28228,70.79355971255575,31,12.19893055736664,4.548391612273152,Worn,Low,1,Clean
27236,116.32191272976549,44,12.56044872085026,2.9032832400365858,Loose,Medium,1,Clogged
29173,60.0,62,11.533223170859678,5.064906152056394,Normal,Medium,0,Clogged
38005,115.44684552435058,32,13.469604247648627,5.706522108519648,Loose,High,1,Dusty
47823,93.16526200803928,30,12.974011798446051,4.510446076789647,Worn,High,1,Dusty
47145,88.54930332194411,67,12.244245906459089,2.528854055306851,Loose,High,1,Clean
1354,81.82621369786575,70,11.867659559592102,2.5373572589165585,Normal,Low,0,Clogged
25048,95.98704171528108,29,12.437542182958335,3.0495476532882946,Normal,Medium,1,Dusty
39123,89.43547946362727,7,13.129604528529006,2.8227473431777748,Loose,Low,1,Dusty
7892,106.54952823024784,76,13.021208819039776,3.4146888491752825,Loose,High,1,Clogged
47217,91.7134147299306,48,13.240953010315824,4.258930959641417,Normal,Low,0,Clogged
22056,92.25452642192816,46,12.163735756313775,3.847942928899818,Worn,Low,1,Clogged
39059,84.54581681679217,10,10.5,3.7427468676635463,Worn,Low,1,Clogged
26809,89.14581564418398,43,13.373467838541371,3.210556700239825,Normal,Medium,0,Clean
22419,94.6170265333809,56,12.382962699849354,3.4113848874025408,Worn,Low,1,Dusty
5431,64.34747411015061,27,12.966316245830164,4.455890609034801,Normal,Low,1,Dusty
33470,69.7772186684143,93,13.5,1.0856503670002224,Normal,High,1,Clean
44715,101.14896141034072,54,13.5,3.486331509825522,Normal,High,1,Dusty
13188,92.56298157191912,47,12.045124965301426,3.84558511391279,Normal,Low,0,Clean
25842,87.24024995470981,23,12.593771935015951,4.440299682256751,Loose,Low,1,Clogged
37657,90.27650899598088,73,13.456785522423813,2.287944872859411,Normal,High,1,Dusty
2827,95.21372558042506,55,11.909004687033905,2.224508381056258,Normal,High,1,Clogged
41272,81.90360479535957,15,12.0925218843467,4.200745993853761,Normal,Medium,1,Clogged
41045,78.3254291189653,16,12.088372995078789,1.2146573116917008,Normal,Medium,1,Dusty
697,92.93767882646524,78,12.480336780614383,5.098626932912943,Normal,Low,0,Dusty
24009,75.32440833577452,12,12.345913423797022,3.7719103897913726,Loose,High,1,Clogged
35198,96.12379133571709,28,12.084343274420572,5.370465455412124,Normal,Medium,1,Clogged
45042,64.46124593643239,96,11.82396980907562,2.195513148116585,Worn,Medium,1,Dusty
15587,105.43733455988465,45,13.068358229876704,2.9763686375381115,Loose,Low,0,Clean
23171,97.08896223619564,40,13.43648171467628,0.6105580076877373,Normal,High,1,Clogged
25684,93.84044601470814,89,13.5,2.545172284405669,Worn,Medium,1,Clean
28348,104.74036475918273,76,12.16324850983086,3.279383743133745,Normal,Low,0,Clean
42607,114.98211666693864,59,13.097607270580092,1.144750903989876,Normal,Medium,1,Clogged
21166,105.21555097527197,13,12.665428131909442,3.0264478253619207,Normal,Medium,1,Clean
44857,62.38688653002532,51,12.100530055970673,1.1151917877677069,Normal,Medium,1,Clogged
16208,70.80634549896448,19,13.013952753095737,3.19104777810629,Normal,Medium,1,Clean
26870,80.62772133456482,52,12.068376462168152,4.876534312529884,Loose,Medium,0,Dusty
3311,90.3913657531625,86,12.236676378052818,3.4580242998630526,Normal,High,1,Dusty
47511,97.76488530703683,46,11.536289208247458,5.489848847134164,Loose,Low,0,Clogged
7046,79.11384280269802,64,12.175045231796744,4.443551076073532,Normal,Low,0,Dusty
35254,92.80150146715616,88,12.67770284631021,5.117777418328366,Loose,Low,0,Dusty
30706,78.66925601470017,74,13.5,2.5820657109460594,Normal,Medium,0,Clogged
41606,80.82723295512078,16,12.25255318765882,2.5530300459288773,Normal,Medium,1,Clean
11911,68.90008354727667,6,11.773281597039146,3.9147360996624414,Normal,High,1,Clogged
3411,76.15150130833644,11,13.5,1.6067574900405692,Normal,Medium,1,Dusty
2234,69.724730915755,84,12.146813294041047,4.065372499714508,Normal,Medium,0,Clogged
18727,75.36190121,7,11.276132840701395,3.1112962201436845,Loose,High,1,Clogged
9180,105.8046269491176,7,12.59316561459575,5.095996205055989,Normal,Low,1,Dusty
19860,75.75901666752085,31,12.272658568704577,4.315414704895293,Loose,High,1,Clogged
18843,129.48573097256087,44,13.5,4.8160477164081525,Loose,Low,1,Clogged
6259,97.39976851321332,37,12.832756224043049,2.5949527023259438,Worn,Medium,1,Dusty
23578,92.77254185542311,96,12.397560352441614,4.757852322514074,Normal,Medium,0,Dusty
35653,77.1246332972818,5,11.852851953521078,5.233654993237139,Normal,Medium,1,Clean
11611,100.50464819113488,12,12.731116788835076,3.453543411943591,Worn,Low,1,Dusty
38004,81.36543260643339,36,13.5,2.612779256760214,Loose,Low,0,Dusty
2302,91.83014721968044,52,12.718269928434085,2.633855358518709,Normal,Medium,0,Dusty
8655,128.40126807403192,8,11.906799215517438,4.986815590419158,Normal,High,1,Clogged
8620,88.55910150413025,98,12.877164348226367,6.0,Normal,Low,0,Clean
39884,107.23909989428512,74,12.46597517358903,2.322025915789734,Normal,High,1,Dusty
47525,79.45235362311169,23,12.814029172322714,2.229775939948928,Loose,Low,1,Clogged
47754,89.47517264254557,36,12.251634854871046,4.605697016809375,Normal,Medium,0,Clean
22418,116.56200953453263,13,12.235193308017152,2.5953037647600268,Normal,Medium,1,Dusty
20945,80.5954941331835,16,12.207554141797754,4.722026461073924,Normal,Medium,1,Clean
30806,117.18672836995393,15,13.159566706048151,4.058415408231975,Normal,High,1,Clean
17146,100.61627903183214,50,12.242242307331235,3.4712272370024437,Loose,Medium,0,Dusty
47343,81.56299836158598,20,12.17818848803804,4.029525841426025,Loose,Medium,1,Clogged
31565,99.48611608583282,5,11.840553868906344,3.9562380429840727,Normal,Low,1,Clean
25699,104.58831674440094,67,12.817809661201736,3.2844722026565893,Worn,Low,1,Clogged
42476,99.32714943325794,25,12.718191261491851,1.3923667620338067,Normal,Low,1,Clogged
16871,66.44662920164316,34,12.185862242857958,3.714380874306842,Normal,Medium,0,Clean
12335,79.09294236262697,17,12.003434904709495,5.387672439276997,Normal,Low,1,Dusty
46436,86.28722046672743,38,13.5,1.569477604154572,Normal,Low,1,Clean
2549,88.8834985634993,8,11.183689861412612,2.3410579758332664,Normal,Low,1,Dusty
32116,99.31008146326018,32,12.845220402241203,4.012192369719213,Normal,Low,0,Dusty
38691,92.6655150139988,99,13.403982483751204,3.546310235278737,Loose,Low,0,Dusty
47857,69.96983461934849,63,10.5,3.993418591501147,Normal,High,1,Clogged
21432,95.70296776508944,31,13.055898042053323,2.6608181506068056,Loose,Medium,0,Dusty
30355,99.15878617925736,73,12.345821778952738,4.894949943910767,Normal,Medium,0,Clogged
7658,98.3968567189656,29,12.679238404998282,3.5562806788282533,Worn,Medium,1,Dusty
43516,106.21171088331933,7,12.273733424834536,4.336382626811668,Loose,Low,1,Clean
7900,102.50883231823356,72,13.252775411952252,3.884332893165315,Normal,High,1,Clean
43142,96.88770118842656,29,12.75418353916995,3.710593961553191,Loose,Low,1,Clogged
15651,88.94751432812029,24,12.59220392267402,4.252200388433756,Normal,Low,1,Clogged
1654,65.08558599726013,38,11.870797575128986,3.7237855447603407,Loose,Medium,0,Dusty
4999,96.4442732869888,30,13.5,2.071761166285386,Normal,Low,0,Clean
6795,93.11531530744666,9,12.50695171381329,4.8048281908591575,Loose,Medium,1,Clogged
12683,94.0736825579306,65,13.5,4.48175274349782,Loose,Low,0,Clean
29799,70.84877136269536,96,13.5,0.9717795303706284,Normal,Medium,1,Clean
13374,73.78415189387607,97,11.255154322914231,2.714959658149187,Normal,Low,1,Dusty
33211,105.79729279999356,13,12.041537827438116,4.750832554991368,Loose,Low,1,Clean
6039,89.40667269215018,54,11.77413429581754,1.3076857442265997,Normal,Medium,1,Clogged
42905,100.22251046058936,10,12.466255742959056,4.632280258280893,Normal,Low,1,Dusty
48854,90.42477564195693,87,12.631014814340311,3.330532957214899,Normal,Low,0,Clean
3057,90.44634209243618,64,12.6609485275254,5.108339084400789,Normal,Low,0,Clogged
38860,104.07425708963996,48,13.237890073213284,3.498623853109444,Worn,Medium,1,Clogged
16982,82.25932907673939,15,13.5,2.633518408405247,Normal,Medium,1,Clean
2700,91.44181165411474,70,13.177241424467049,3.8697027929109686,Normal,Low,0,Dusty
47440,83.06587066942436,51,12.107345350043378,3.4635374125880167,Loose,High,1,Clean
3461,83.48255658851527,77,11.952583294424793,2.5269786390311832,Loose,High,1,Clogged
47475,85.3624181479704,89,12.501933285118756,6.0,Normal,Medium,0,Clean
21857,93.3320065745057,92,12.798283668483265,2.334682182098822,Normal,Medium,0,Clean
12469,82.81877067504784,90,12.371766057998014,0.808453549928247,Worn,Low,1,Dusty
3369,108.8363418836028,7,11.558160614623445,5.398038761745792,Loose,Medium,1,Clogged
47260,76.58089046670744,80,12.97744165600376,2.7997238332208885,Normal,Low,0,Clean
29143,87.19692533757961,96,12.225379661886269,3.1438720868411654,Normal,Low,0,Dusty
25236,83.40403412588738,34,12.20424108590457,3.070512722445159,Normal,High,1,Clean
38967,111.704668265306,94,12.461771128159334,2.816418279010009,Normal,Medium,1,Dusty
23828,92.94832164767362,25,12.332070758043889,2.580569034483865,Normal,Low,1,Clean
26376,105.47766809202952,32,12.24344926114153,2.3038192370036428,Worn,Low,1,Dusty
21795,67.71659440444542,94,11.603912285146768,3.5777117140454786,Normal,Medium,0,Clogged
4487,94.00575398803888,66,12.421426773133838,3.0176149307892377,Loose,Low,0,Dusty
22899,103.34446193435156,37,12.992067654334807,4.376434628400736,Normal,Low,0,Clean
46714,91.23425983913135,89,12.685250803584902,4.079232861939385,Loose,Low,0,Clogged
34486,105.98220562598028,39,13.163685007370452,2.386985367769515,Loose,Low,0,Clogged
21380,82.24067324849442,56,11.990018484375994,3.6302255312868272,Normal,Medium,0,Clean
5235,111.1402116027837,38,11.60535906461754,2.998594011054376,Normal,Low,1,Dusty
44564,124.48347185428877,45,12.327905014715402,2.310007468839601,Normal,Medium,1,Dusty
5055,84.55742159340511,55,12.070034367015912,4.327317884618159,Worn,Low,1,Clogged
42414,83.31746217898842,51,12.142765511754575,3.354409664829962,Worn,Medium,1,Clean
41318,111.80076715676552,86,12.64822480265679,3.0109399757954254,Normal,High,1,Dusty
46025,113.69358218596068,62,12.14784362262674,2.473319316292065,Normal,Medium,1,Dusty
20330,82.15709959270097,79,11.624952057555523,2.2664758867119934,Normal,High,1,Dusty
17929,83.69719774356214,61,12.1087036904826,5.886521628697455,Loose,High,1,Clogged
7393,85.7732308670924,27,12.73804155680256,3.900942379555996,Normal,Low,1,Dusty
14873,69.83324233448585,52,12.970036420704842,2.19064515535662,Normal,Medium,0,Clean
47833,76.22022080273703,26,12.962995948858342,3.845439077987376,Normal,High,1,Dusty
3936,74.93788849871898,21,12.797131165973536,4.774419412154645,Normal,Low,1,Dusty
9254,78.48303652343807,73,12.382334573824329,3.7010211350360502,Loose,Low,0,Clogged
11177,89.47972668919829,15,12.78343986927139,5.148825610559749,Normal,High,1,Clogged
6395,93.5132209880478,98,12.470365039261234,1.6486242295160396,Loose,Medium,1,Dusty
20238,113.25750739221117,19,12.579167296474166,1.1104135431437472,Normal,Low,1,Clogged
31246,75.02468938891813,95,11.84247128349384,3.812620906224504,Normal,Low,0,Dusty
49877,104.76483597714876,39,12.530712474632502,3.83179537204866,Loose,Medium,0,Dusty
48904,86.79016733661737,37,12.765066363975988,0.5,Worn,Medium,1,Dusty
32852,89.2580443552135,88,12.738789119407796,2.7517086905575816,Loose,Medium,0,Dusty
40290,100.12229238249904,20,11.59873668175849,2.289605222739854,Normal,Medium,1,Dusty
42419,73.15916967656553,38,12.567382543482369,1.8296645111562124,Normal,Medium,1,Clean
6100,95.73614619276076,70,11.48927729577526,2.286749882468227,Worn,Medium,1,Clean
29624,92.49678312319584,44,12.621573652296968,4.214945361919232,Normal,Medium,0,Clogged
28143,97.38676896012224,32,12.0090639658781,2.27911397445235,Normal,Medium,0,Clean
41264,94.33752965861729,51,13.5,2.32025343850179,Worn,Medium,1,Clogged
9507,126.8295020986634,43,12.583470330507122,1.557433629370785,Loose,Low,1,Clogged
46214,80.43390023623026,74,13.060814813876746,5.022691571018991,Worn,Low,1,Dusty
37910,82.03504567497274,77,13.5,4.021558838564761,Worn,High,1,Dusty
44580,80.65289210362853,24,11.927818732237895,0.5091725565165186,Worn,Low,1,Dusty
40947,81.66784321259618,5,12.804972437634138,2.321311904932176,Normal,Low,1,Clogged
8708,80.43919309040223,76,11.669862293537008,4.134221461273911,Normal,Low,0,Dusty
19089,107.83524796661328,91,12.741427905774945,5.037671058779404,Normal,High,1,Dusty
43984,111.30756371984782,67,13.5,4.509006511239988,Normal,Low,1,Clogged
17953,81.43880559375785,71,12.060481749890748,3.0731805076905374,Normal,Low,0,Clogged
36712,77.51466640343656,8,11.879831980693783,1.1823477670483542,Normal,Low,1,Dusty
44025,97.07123334579606,62,12.436178036537006,4.5442987926935725,Normal,Medium,0,Dusty
47702,81.71665433578544,29,13.5,3.143723778415395,Normal,Low,1,Clean
33135,99.49397726633266,51,13.039727243967278,3.582634417538084,Normal,Low,0,Clogged
34328,93.04384531276948,42,11.866559743560792,3.287095474149804,Normal,Low,0,Dusty
19211,67.26383827504152,19,13.5,1.8733646005084783,Normal,High,1,Clogged
3920,113.21257801995093,67,11.34145590536677,3.9371002546675866,Loose,Low,1,Clogged
31716,116.93816509643284,25,13.5,3.771750837336136,Normal,Low,1,Clean
801,80.80816964273421,61,13.09951547601061,2.989053388502242,Normal,Medium,0,Clogged
45736,84.18447660096024,57,13.5,4.065326959834985,Loose,High,1,Dusty
1199,94.28798086087356,50,11.346541324131175,1.8512005430920329,Normal,Medium,1,Clean
690,95.01685184980538,18,12.61860928160178,3.1771966689402693,Normal,High,1,Clean
10992,99.87816409009244,80,12.406277751404,3.5313529675229467,Normal,High,1,Clean
36243,120.15306808149523,21,11.79511436858735,1.4180868414379253,Normal,Low,1,Dusty
6602,87.34579158758926,43,11.592783465824024,3.431484066996736,Worn,Medium,1,Clogged
20278,78.0255413319232,13,12.854956881131685,4.380374176017555,Normal,Low,1,Clean
27141,69.31021157978209,81,12.918412195679537,3.136122891148559,Loose,Medium,0,Clean
35084,79.0360494008712,83,13.409981832708027,3.459062116982787,Normal,Low,0,Clean
33245,89.50309540689304,86,12.14760526267122,4.174812847,Normal,Low,0,Clean
23593,116.9183679527668,10,12.400873132890933,3.034639869360473,Normal,High,1,Dusty
1069,82.23583051445743,95,11.532278052537736,3.142643120546853,Normal,Low,0,Clogged
38710,93.35681927458349,27,13.5,2.0879557825610395,Normal,High,1,Clogged
35163,89.75365655890872,63,12.54868366143007,3.482075867215082,Normal,Low,0,Clean
37131,107.82589910172126,95,13.005811951134074,3.0981818196742634,Normal,Low,0,Dusty
46181,127.90398638810431,50,13.030533777277707,4.098907754063987,Loose,High,1,Clogged
7955,82.03696840619519,42,13.5,4.176151945019887,Normal,Medium,0,Clogged
4514,82.65840836222667,18,11.918020372912782,4.449450846815457,Worn,Medium,1,Clean
11593,105.66241315603608,76,12.988310620243023,2.890087578925843,Loose,Low,0,Dusty
18570,100.22837234439469,66,12.48249390558367,0.8881026972510608,Normal,Medium,1,Dusty
36277,117.7006098860405,39,13.5,4.389967695757729,Normal,Medium,1,Dusty
17038,98.75892277988946,23,11.915945074702789,4.017345156916891,Normal,Medium,1,Clean
11229,84.61061863819411,34,13.319998443434711,2.7376500743766923,Loose,Low,0,Clean
34677,98.85982246038463,82,12.745239245459878,4.165928239480804,Normal,High,1,Clogged
45517,106.63055370874362,88,12.708499265944216,1.76169223698051,Loose,Medium,1,Dusty
1284,102.30723271796046,29,12.537814508233245,4.73628825544433,Normal,High,1,Clogged
28251,97.60911046660948,44,13.442666075985752,3.09965053784714,Loose,Medium,0,Clogged
41364,106.00012034383732,92,12.684696190751756,2.505286864394125,Normal,Medium,0,Dusty
40828,107.5394338566851,18,11.432909263315317,2.753958132513335,Worn,Low,1,Clogged
13033,110.7323848655629,30,13.35365249809857,3.222218016799745,Normal,Low,1,Dusty
40611,99.73064831384464,91,13.225341282492206,3.485585512040644,Normal,High,1,Clogged
40474,87.49322879524719,26,12.910996378948994,3.557936336479288,Normal,Low,1,Dusty
6301,92.20070529649983,52,11.710068459176718,2.9844710672502512,Normal,Low,0,Clean
19690,108.09763449762536,87,11.818819247845076,3.740287488153775,Worn,Low,1,Clean
39254,77.74596493519147,55,11.185789980334723,3.5099351292001204,Normal,Low,1,Clogged
30092,95.53009963309351,7,12.82223091122587,2.722912405310721,Normal,High,1,Clogged
11147,84.09991781508958,46,11.55531580627794,2.542171250694483,Normal,High,1,Clogged
9216,90.43117234402226,23,11.296874374996484,4.230038651473805,Normal,Low,1,Clogged
23855,109.17677793910948,77,13.39249238351003,4.129191243197487,Normal,Low,0,Dusty
22509,92.86648602029857,32,13.037725695123992,3.568563626193516,Loose,Medium,0,Clean
24876,90.69654822234224,88,12.266779834618353,4.609034559188242,Normal,Medium,0,Clogged
45591,69.60215788530121,49,12.406167391719965,1.1464068125988387,Worn,High,1,Clean
5280,101.19380349040831,75,10.81485905511124,2.822726430191956,Normal,Medium,1,Dusty
2868,99.68226271711612,82,13.141721443341456,2.112419465198427,Normal,Low,0,Clogged
12539,122.4488208495819,67,12.015087974857922,6.0,Loose,Medium,1,Clogged
7155,85.38332647570499,77,12.7312036041932,4.355863784475184,Loose,High,1,Clean
41441,93.28725491495908,23,10.75800641674596,3.405125619610069,Normal,Medium,1,Clogged
4995,93.74075525566133,51,13.184297622513082,4.441988694615388,Loose,Medium,0,Clean
11393,113.66179919645212,18,11.973008661429994,4.839530796506138,Normal,Low,1,Clean
26047,88.57056701419572,42,11.536770415347451,4.826758029828885,Normal,Medium,0,Clean
22886,94.18532288655508,57,12.262278855858144,4.606044182120424,Worn,Medium,1,Clogged
13903,99.11844764574808,65,12.08252334744516,3.184951612061526,Normal,Low,0,Dusty
32597,92.79913684734537,40,13.251987329036906,2.8983614966192577,Normal,Low,0,Clean
13621,83.30349578174207,44,12.205723414346862,2.345372984023178,Loose,Low,0,Clogged
11466,92.9113498934746,85,13.453831918629357,4.102936720074808,Worn,Low,1,Clogged
34121,106.1044762478966,34,12.73109983105235,3.3092771176054625,Normal,Low,0,Clean
28812,74.6022705088341,13,13.12605752104866,2.997834763379365,Normal,Low,1,Clean
23177,91.99454511220314,68,12.49848348274048,2.935206365926637,Normal,Medium,0,Clogged
31789,79.4981877759124,37,13.390441287637918,5.2402311567616255,Worn,Low,1,Clean
31524,107.92569943387264,56,11.692463206802127,4.643216495410005,Worn,Low,1,Clean
43175,67.15219642824337,93,12.579537120246028,5.696472627353798,Normal,High,1,Clogged
5277,81.61617229092617,18,12.22249491939801,4.134819559870531,Normal,Medium,1,Clean
30249,95.6581781259678,79,13.477639935655118,3.568345328305878,Normal,Medium,0,Dusty
15838,113.4828604385151,57,13.5,3.4695170591060904,Loose,Low,1,Clean
2991,89.01374608390519,63,12.500294881465985,2.2756381432862325,Loose,Medium,0,Clean
27736,81.67200709960203,82,11.595942229232936,1.9862972098983191,Loose,Low,1,Dusty
48596,118.21735604160884,98,12.798968121754168,4.1088092262714495,Worn,High,1,Dusty
15099,68.27979149375633,45,11.334773185476363,2.3783855474200943,Normal,Low,1,Clean
20008,60.0,72,13.5,3.753749304640683,Normal,Medium,0,Clean
3551,96.6002167508,72,12.168780950554773,4.8385600197142535,Normal,Low,0,Dusty
49247,82.46918663471084,96,12.478600885607753,2.701455280362924,Normal,Medium,0,Dusty
49656,74.6815077430393,12,12.023334246935272,5.912577961509893,Normal,Medium,1,Dusty
22106,100.6253467094903,6,11.868752889309423,2.311165854867081,Normal,Low,1,Dusty
22199,93.657010706568,90,13.016103921582935,4.688233707787815,Loose,Low,0,Clean
1376,81.53882053894907,45,12.388968326064075,4.009707417358834,Worn,Medium,1,Dusty
32593,70.79543401993658,59,12.529737777246222,4.932914299935382,Normal,High,1,Dusty
4642,103.08685992420216,20,11.797276244546811,2.160562866368372,Normal,High,1,Dusty
15702,99.75301766937991,97,13.099241456447928,6.0,Normal,Low,0,Clogged
40234,88.51236204330925,66,13.170452814595809,3.285469899460513,Loose,Low,0,Clogged
7579,117.699554940715,52,12.353750059184296,4.311977527159137,Loose,High,1,Dusty
8487,73.94872850510771,34,13.387545493332322,5.2333849867358015,Normal,Medium,0,Dusty
40067,67.11712243612891,16,12.427113092042834,2.7744055190057413,Normal,Medium,1,Clogged
29440,79.62137895178134,39,13.045828847402175,4.490871635536614,Normal,High,1,Dusty
37733,89.31620975466754,15,11.363950693418932,2.5742364257342087,Normal,High,1,Clogged
17519,93.65009173984038,68,12.747401606540487,5.176353896549407,Normal,Medium,0,Clean
46685,86.38145913215506,54,12.309962972675146,2.5877831225255195,Loose,Low,0,Dusty
18577,95.28083094771443,89,12.608865698168495,3.546208378994911,Worn,Low,1,Dusty
26758,71.22690863714334,25,12.577477683959078,3.867344841214352,Normal,Medium,1,Clean
21636,111.65646906109887,73,12.587989875523888,4.4411597236671385,Loose,Low,1,Clean
8811,88.76773232411146,52,12.930990510553787,5.862171570111855,Worn,Low,1,Clean
17714,106.75943747382192,24,12.104378457875814,2.957637212462613,Normal,Low,1,Dusty
14598,95.14088019566556,71,12.898355481674953,4.866481729128328,Normal,Low,0,Clogged
28751,96.85129828730676,48,13.362767418182534,5.864310138360964,Worn,Medium,1,Dusty
38445,98.54650920348304,37,11.512901296513771,3.698880033037901,Normal,Medium,0,Dusty
47530,96.71562840025972,77,11.953621931239471,2.8398406998556505,Worn,Low,1,Clogged
26445,99.64084139801317,65,11.98302520214917,1.42395951267765,Worn,Low,1,Dusty
25816,109.93728795198646,13,11.735567940384328,5.759930920893275,Loose,High,1,Clogged
32717,92.94781754552206,72,12.16771156125406,3.2066668040907635,Loose,Low,0,Clean
8808,100.63505636382769,39,13.223182960779887,2.2983698009233384,Loose,Medium,0,Clean
6449,88.6539645856916,85,13.5,1.8700038989482848,Loose,High,1,Clogged
1650,111.6017582317421,92,12.574322478822552,2.2961429715319506,Normal,Low,1,Clogged
24444,79.85411546911095,69,12.27303479240626,4.603646351872598,Normal,Medium,0,Clogged
35199,117.01410649366224,12,13.062046778356462,4.769442233209686,Normal,High,1,Clogged
9704,89.39763074033485,49,10.845222054023472,4.282546245746643,Loose,Low,1,Clogged
1581,68.53837346822928,91,11.761375069527787,3.658805392824037,Normal,Medium,0,Clean
29805,91.92156622366184,51,10.87485871531006,2.005375292598397,Normal,Low,1,Clogged
17396,79.78422513787679,44,11.75401019785119,2.624070864917543,Normal,Low,0,Clean
46675,102.60965323483086,80,11.9630877311686,2.172056707182469,Loose,High,1,Clean
8305,80.21064031046413,58,13.5,4.187385206631518,Worn,High,1,Clean
5737,83.3072485017783,80,10.567256623690808,2.224025025365955,Worn,Medium,1,Clogged
20556,61.65688903581703,50,12.208308179835967,2.642904666735689,Normal,Low,0,Clean
46043,83.21540521126386,51,12.933696530524674,3.279815308401792,Worn,Low,1,Clean
49512,60.0,19,12.787511464288364,1.4962398162843835,Loose,Medium,1,Dusty
46452,66.24145764771416,23,13.5,3.556125717009016,Normal,Low,1,Clogged
3843,101.40621984216446,30,12.612736035017612,3.3714165427573564,Normal,Medium,0,Clean
14000,101.78700237976248,56,12.761994726336802,4.921050975154029,Normal,Medium,0,Dusty
29875,96.38186342677449,97,11.213045217738214,2.516161345959498,Worn,Medium,1,Dusty
10162,75.4953578530618,26,11.808211799276236,1.9409653780251972,Normal,Medium,1,Clogged
17464,89.2843296578703,25,11.252106679586385,3.0511284204904583,Normal,Low,1,Clogged
48393,89.94596191364147,55,12.90082567553987,2.182290447876781,Loose,Low,0,Clean
8630,72.62452966211185,42,12.744083316230071,3.546985510175749,Normal,Low,0,Clean
20031,112.55097452650726,24,12.71947657709846,1.2680781658080726,Normal,Medium,1,Clogged
2179,103.16043435863509,33,11.882996474079349,2.7735855159472624,Loose,Medium,0,Dusty
4006,86.68553739255503,55,11.818935154478334,2.3859539962133365,Normal,Medium,0,Clogged
13784,90.40328758491796,8,12.646612852607491,4.181308492503282,Loose,Medium,1,Dusty
7753,93.12574211921329,59,12.031429763060206,2.527322348449562,Normal,High,1,Clean
19628,60.0,75,11.785716805317437,1.4166850896818013,Loose,Low,1,Clogged
28432,86.29233926219105,96,12.144127440119352,3.257815883678542,Loose,Low,0,Clogged
9935,79.77023628003302,32,12.037480574775284,3.883863368329411,Normal,Low,0,Clean
44578,74.97569985157627,8,11.893293917760085,3.174553768087129,Normal,Medium,1,Clogged
13796,85.78349560671067,26,11.641962528269678,2.7664126649370706,Loose,Low,1,Dusty
30945,116.96529790274283,80,12.814082837837235,2.6941254792988847,Loose,High,1,Dusty
13745,99.61264291900514,49,13.5,3.635537638930441,Loose,Medium,0,Dusty
29624,81.43231515325805,71,12.472697059566942,2.432661500912542,Worn,High,1,Clean
30399,98.58874172034238,90,12.655703895878949,3.1058204343073594,Normal,High,1,Dusty
44419,110.99033154879004,70,12.875464496821191,4.400535885064848,Normal,Low,1,Clogged
43725,103.86950524369152,92,12.756596030035183,1.9384123053132256,Worn,Low,1,Dusty
35747,90.8944555488026,38,11.907161370178114,3.4475995763116734,Normal,Medium,0,Clean
29722,80.2959483344164,95,13.5,1.3532127046435942,Normal,Low,1,Clean
26711,100.47334970420386,59,11.969882640425428,3.7735156040119433,Normal,Low,0,Dusty
37720,95.90228078132624,5,12.953661855262286,2.325428947041127,Normal,Medium,1,Clogged
27146,103.427898300416,76,12.87113391514004,4.723510175636954,Normal,Low,0,Clean
39149,99.52757702522956,91,11.129090920505751,1.7276632284255813,Worn,Medium,1,Dusty
23549,105.74329072979005,42,12.248807508160956,4.030494844161209,Normal,Medium,0,Dusty
14569,81.97147182659148,10,12.53963991626852,4.965357294231792,Normal,Low,1,Clogged
33080,109.76091098451488,90,12.593205847997,2.2631727182954378,Worn,Low,1,Clogged
32343,92.963994070386,29,12.710994360861736,2.4657380852060724,Worn,Low,1,Clogged
3349,121.12891308937898,86,13.030364011057983,2.366965226748083,Normal,Medium,1,Clean
40658,79.66218272865649,21,12.494739245010456,2.916964773914835,Normal,Low,1,Clean
23789,116.03945704747876,65,12.74823229761256,4.120906159027359,Loose,High,1,Dusty
45190,92.96866175193972,16,12.468531789259332,2.8189940793354515,Loose,Low,1,Dusty
35757,80.22872994578327,10,11.787866440271658,2.154850129752372,Loose,Low,1,Clean
10323,82.74171248918518,94,12.522681008958772,1.0774955521000518,Worn,Low,1,Clean
42475,85.1947903770852,31,13.024362890977148,5.422337007814876,Loose,Low,0,Clogged
10040,96.36248919602876,12,13.276151867732755,5.516594756497577,Normal,Low,1,Clean
16864,97.8425323205325,87,12.876120960280945,4.172284447386148,Loose,Medium,0,Clean
5111,81.39449994092132,69,13.434045228164509,2.5275395666900184,Normal,Medium,0,Clean
28163,89.63468111608526,61,12.793205323186289,4.397242538157976,Loose,Low,0,Dusty
39146,122.13405537917797,97,13.104715875168186,4.638448300991679,Loose,Low,1,Dusty
31477,115.91314755151066,44,13.15617380449585,3.1949022423047198,Normal,Medium,1,Clean
29668,96.54485504511048,18,12.343654621381384,3.5496422527986686,Normal,Medium,1,Clogged
49615,90.570052172523,39,13.008202402797368,4.978121875387391,Normal,Low,0,Clean
25971,91.80046990077392,52,11.84154857165136,1.53144637153231,Normal,High,1,Clean
23187,99.20276959095624,88,12.744868639784205,4.698107387746608,Loose,Low,0,Clean
1351,74.65811152202392,60,12.903918078667918,3.129015426372184,Normal,Medium,0,Dusty
18571,86.13935193864982,53,13.23576658448953,2.1649060375867397,Loose,Low,0,Dusty
7333,64.97123889183615,17,13.074531512786914,2.2636322320467936,Normal,Low,1,Clean
12438,95.98834683907918,65,13.2448799283343,2.462333438577094,Loose,High,1,Clean
35695,99.70793909554112,53,12.430433768911504,2.047915135878556,Loose,Low,0,Dusty
26644,82.75220306550939,50,12.258224791730967,5.625666769266819,Loose,Medium,0,Dusty
4500,113.6098014493505,66,12.307570869480069,4.089443526201201,Normal,Low,1,Dusty
5552,71.61351505496488,12,12.686398611314042,4.777379304330282,Worn,Medium,1,Dusty
36006,68.0343767968527,47,11.233877089050424,4.174841949940014,Normal,High,1,Clean
28574,93.36677727839958,24,13.432229879276187,3.573473130164208,Normal,Low,1,Clogged
38655,105.70647453918232,94,12.530711351880283,3.5897063880387585,Normal,High,1,Clean
41270,115.25891537186804,43,12.209498892365415,3.0229848333081653,Normal,Medium,1,Clogged
32820,83.1167360569659,89,10.729198652576178,3.121061148271796,Worn,Medium,1,Clean
38804,106.18021250146944,53,12.4742305456752,1.81027595142453,Normal,Medium,1,Clean
46747,89.42237295748939,68,12.36106643944697,4.798191381248316,Loose,High,1,Clean
4413,87.41059050088771,66,11.872067498548322,1.3241200567963456,Loose,Low,1,Clean
17950,103.25489906230008,58,12.028867208411093,2.229667291364961,Normal,Low,0,Dusty
24607,99.78484317620128,13,12.481354348888386,5.914440957152733,Loose,High,1,Clean
21264,66.35411764523626,92,12.08823447828862,3.663407459677792,Normal,Medium,0,Dusty
43904,112.14810524588844,41,12.90031464632485,3.713252534036239,Normal,Low,1,Clogged
20991,110.70137031221176,53,11.975851487949187,4.264806257321275,Normal,Medium,1,Clogged
38994,80.61655947735706,45,12.608225900664545,1.6515950082543254,Worn,Medium,1,Clogged
3873,95.93705300156114,21,13.32603175816782,1.827447960235972,Worn,Low,1,Clogged
12661,97.41045279424108,92,12.474382896206214,2.966126784141384,Normal,Low,0,Clogged
32496,93.9101064873586,25,12.749183986771822,2.415966850942772,Normal,Medium,1,Clean
27622,81.7454226923187,55,12.704855971180418,3.410052841988719,Loose,Low,0,Clogged
35350,79.92564948092922,63,12.505597829732086,4.082659154362563,Normal,Medium,0,Clogged
27850,89.61668893512832,43,12.453095000639545,5.166995657444715,Worn,High,1,Clogged
27972,107.59093528889048,59,12.100038044985062,4.473306007747509,Normal,Low,0,Clean
29261,98.15400231891648,45,12.605708603390472,2.306867945973255,Normal,Low,0,Clean
25851,84.44078501870841,43,12.301712743812374,3.0500431064626485,Loose,Low,0,Dusty
23632,101.57548065972516,17,13.5,2.7236657945004623,Normal,Low,1,Dusty
49549,60.0,68,13.067800281376938,2.280126945185181,Worn,Medium,1,Clogged
15805,107.23148550558156,15,11.483042872878158,2.0069898647866014,Worn,Low,1,Dusty
10317,63.904293318328506,23,11.521989401247346,5.497174865269448,Normal,Medium,1,Dusty
11761,84.56338587895301,15,12.408678091672444,3.51277069187918,Normal,Low,1,Clean
917,73.20495158060784,81,12.223286165792178,3.2309237520743026,Worn,Low,1,Clogged
42076,70.57977786418641,50,12.371764257244651,4.081109079913162,Worn,Low,1,Clogged
20858,107.4124018106778,49,12.95581302245662,4.140495324489888,Normal,Low,0,Dusty
3767,82.98448198032163,5,12.72101512921415,4.842590784447705,Loose,Low,1,Clean
17709,95.19755822596072,44,12.713940461320709,2.607606063959881,Normal,Low,0,Clean
24552,89.29619131681224,23,13.5,3.983266660247384,Normal,High,1,Clean
39013,97.15561240834684,80,11.527775912078845,2.4065912283790056,Worn,Medium,1,Dusty
26592,91.15232836590384,76,12.57275718390423,3.271810467513526,Normal,Low,0,Clogged
11838,70.75511663717145,76,12.094663216436922,3.568091080594465,Worn,Low,1,Clean
912,104.94400229170712,65,13.5,3.685380794862873,Normal,Low,0,Clean
8043,82.59365125258032,16,10.95345387592366,3.6323853270166286,Loose,Low,1,Clean
40855,66.65127152010373,65,10.9841628900009,4.462197179053903,Normal,Low,1,Dusty
33996,83.57827258551131,37,12.713245407443637,2.7836139308290737,Normal,Low,0,Dusty
24048,112.51139685951466,49,13.288407591526903,3.718009127484166,Loose,Low,1,Clogged
27884,102.7533261317024,94,13.041278024921937,2.58931419257552,Normal,Low,0,Clogged
44925,84.7702179838821,96,11.939313444677603,6.0,Normal,Low,0,Clogged
39256,84.76113443522357,73,13.5,2.4045628186836443,Normal,Low,0,Clogged
19388,85.17547423173926,12,11.637971875984054,2.6592168147865345,Normal,Medium,1,Clogged
36235,121.15121975341262,29,13.41523893268034,4.559177692415743,Loose,Low,1,Dusty
47795,95.7290317834733,95,11.7305402247493,2.98464182779861,Normal,Low,0,Clogged
49316,96.45062470786604,50,12.253723079363946,4.559655353241235,Normal,Medium,0,Clean
18006,105.45425181047764,91,12.947488676499844,3.683627112471062,Normal,High,1,Clogged
20963,93.5818373853977,34,11.473654518372683,3.016172880135452,Normal,High,1,Clogged
18455,86.11436781268945,51,13.5,2.596693581050267,Normal,Medium,0,Clean
38341,87.05475226372532,91,12.24943931801908,2.5533961260357527,Normal,Low,0,Clogged
5604,88.92598110878905,53,12.596093294974802,3.0292147969847094,Normal,Medium,0,Clogged
35411,89.44166645235238,51,13.313540552328526,3.2907244179862425,Loose,Medium,0,Clogged
23690,100.9144431545547,88,11.944812258382996,2.501742507891351,Loose,Low,0,Clogged
7857,90.77918828710948,86,13.242569580378772,3.3689210837761463,Normal,Medium,0,Clogged
32979,100.98960115823368,22,13.5,2.187061648798391,Normal,High,1,Clean
45311,88.78925129837127,70,12.041094701869294,4.407081459915623,Normal,Low,0,Dusty
36708,91.17952785474137,72,13.458571370817406,4.636834879351957,Normal,Low,0,Clean
20650,60.02698973201839,98,11.26759498403088,2.6548097717497625,Normal,Low,1,Dusty
6144,103.74491512053724,37,12.772720276356196,2.5877923338617355,Normal,Low,0,Clogged
43786,95.19732713846987,40,11.639981039007337,3.713500168411847,Normal,Low,0,Dusty
47820,104.97015164789478,86,13.159797983975333,5.018439311637878,Normal,Medium,0,Clean
3414,60.0,23,13.102319233895544,5.283996397103809,Normal,Medium,1,Clean
21852,121.32562057171091,32,13.5,1.8167087321164797,Normal,Low,1,Clean
46852,87.9061555776724,44,13.49489808806675,4.707565795581829,Normal,High,1,Dusty
45412,106.62274225106276,88,12.38396016167898,3.4261359944777663,Normal,Low,0,Dusty
14897,74.40141109311703,80,11.742776758890813,3.449372359447358,Normal,Low,0,Clogged
42055,99.19160857593856,19,12.895980955768572,4.105654838780673,Normal,Medium,1,Dusty
47459,74.19876655239516,45,12.457488012730154,2.922851035500663,Normal,Medium,0,Dusty
1228,80.64346558956292,43,13.5,4.816040758529966,Normal,Medium,0,Clean
1198,118.7104703080018,6,10.983533409608956,5.208754726123768,Normal,High,1,Dusty
40454,87.1397639885498,67,13.5,5.253541133042284,Normal,Medium,0,Dusty
47780,93.26149309769583,33,12.872393425328262,1.287302254081664,Normal,High,1,Clean
14423,103.05101596033133,78,11.93089151479574,3.2244112775258844,Normal,Low,0,Clean
17279,97.43522831958909,70,13.013792459192995,1.177723298230691,Loose,Medium,1,Dusty
7900,92.25628357715364,55,13.408194994902791,2.5816639256679896,Normal,High,1,Dusty
24966,95.47441503699338,79,12.58004282391258,0.6230013546444106,Normal,Medium,1,Clogged
37439,126.05123377857412,81,11.26455573109861,4.040319961567384,Worn,Low,1,Clogged
4860,89.13571804449622,14,12.294307074557024,3.763171562696209,Normal,Medium,1,Clean
35770,93.01648570072452,18,13.227576537129496,2.980878672131881,Normal,Medium,1,Dusty
17601,105.75981594011418,86,12.847665313959162,2.550622267339638,Worn,Low,1,Dusty
32807,106.58288899436975,55,12.390445078415238,3.876837949224404,Loose,High,1,Dusty
5986,107.8054545834057,77,13.415821081624005,2.2862935143546843,Normal,Low,0,Dusty
8835,99.58095333043777,43,13.017514088582608,2.204645462279208,Normal,Low,0,Clogged
21864,72.85492630904275,32,13.07143740915684,2.057100557678349,Normal,High,1,Clean
37759,114.50147298451644,7,12.21255571561344,3.255390883113621,Normal,Low,1,Clean
24076,72.80481910471968,88,12.144831422777733,2.801230916560685,Normal,Low,0,Clean
32167,94.5395319785855,74,11.310028195521886,3.038914377843595,Normal,Medium,1,Clean
11630,78.68586224970963,31,12.318425770843922,4.126170488022479,Normal,Medium,0,Dusty
22472,89.0379248011051,6,13.15477443765869,4.655955925831399,Worn,Low,1,Dusty
40919,94.9314361545522,97,12.357134692089089,5.240576941875062,Worn,High,1,Clogged
1667,94.8203582317541,42,12.811877192570304,3.5721643735619506,Normal,Medium,0,Dusty
27692,96.32881131352929,7,13.277839549657296,3.917106923075324,Loose,Medium,1,Clogged
1562,114.20566903587972,20,12.760983094259045,3.726615628557097,Normal,Medium,1,Dusty
19040,96.8030145227097,98,12.82936033323256,1.490977161423316,Worn,Medium,1,Clean
24744,86.33765047064027,44,11.549524276573711,3.056363532834696,Normal,Low,0,Clean
22045,104.46130752432536,6,12.274204651128615,3.061882132711204,Normal,Low,1,Dusty
22189,107.8420573338696,85,13.5,2.887024609076466,Normal,Medium,0,Dusty
11674,71.58588277294511,45,12.572658026767266,3.4508728056573945,Normal,High,1,Clean
23425,98.96100104774789,16,13.5,3.236623336142806,Normal,Low,1,Clogged
37997,100.51759113466348,39,11.993819058552736,2.316407883289931,Loose,Medium,0,Dusty
9848,85.53654744960012,69,12.663763216494178,3.3187688553835364,Loose,High,1,Clean
24214,110.6356021996743,59,12.232125093713693,2.733139523497963,Normal,Low,1,Dusty
38602,87.7491661945121,49,12.914389279587189,0.5,Normal,Low,1,Dusty
9424,91.88364680207312,83,13.126506067642085,1.823517295627444,Normal,Low,1,Dusty
37598,87.40392263574195,94,12.92172626699063,3.6066971909756944,Worn,Medium,1,Clogged
24894,90.233685713722,89,13.22929650062362,4.810269576984932,Worn,Low,1,Clogged
7301,73.55587369657198,66,12.490778908034372,0.587356090786082,Worn,Low,1,Clogged
38114,68.39923676108559,53,12.366630142635426,2.455530039495611,Worn,Medium,1,Clean
7231,113.91757594837458,99,11.26926489490682,4.017744600793712,Normal,Medium,1,Clean
48636,77.29557977522508,29,12.946915654615196,4.553834556503801,Normal,Low,1,Dusty
24125,75.1291147581554,27,12.62052886456811,2.9958637261087784,Normal,Low,1,Dusty
17837,60.0,28,12.452459683706229,2.6806611698947167,Worn,Medium,1,Clogged
35807,80.41557378465747,42,12.36642781618196,4.963652899868231,Normal,High,1,Clean
7556,70.15365309888753,32,12.474184307059346,4.455311247198282,Normal,High,1,Dusty
12016,114.63022740204552,25,12.33463470795146,4.530342077691218,Loose,Medium,1,Dusty
44761,105.1472563401395,58,12.130376313005687,2.9383231970111057,Normal,Low,0,Dusty
2042,79.67774482233415,22,12.66771221650692,4.836433085220414,Normal,Low,1,Dusty
22177,123.78653708016463,40,12.838911383253066,1.1659175205635464,Loose,Low,1,Clean
47232,104.72648230487393,49,11.960602459929673,4.857476109990817,Normal,Low,0,Clean
39581,85.12752924737066,77,12.219485101568829,3.4201614158697327,Normal,Medium,0,Clogged
28069,60.0,57,12.356764774114591,3.6547210294973778,Loose,Low,0,Dusty
23822,124.36413858886112,34,12.503369315163749,2.3656968103070275,Loose,Low,1,Dusty
19565,69.15641299854606,64,12.410270171289962,1.3231683822702194,Worn,High,1,Clean
18424,65.31901879564663,36,12.961804839759475,3.629244977350077,Normal,Low,0,Clean
23056,105.3385564801446,71,11.343343089007334,4.161673459509677,Normal,Low,1,Dusty
27462,126.59628609508908,71,11.467473961161918,4.3432308617825175,Loose,Low,1,Clean
28795,110.76409227765777,32,12.635498579477504,4.213734314989504,Normal,Medium,1,Clean
14307,98.4586368007854,48,12.078119906520548,3.941794034064149,Normal,Medium,0,Dusty
42848,98.92131512497927,83,13.118969614041667,2.391456276568448,Loose,Low,0,Dusty
26932,102.80123338170462,45,13.318860666811986,4.42097128702404,Normal,Medium,0,Clogged
18249,101.38392884680148,67,12.663623023496037,2.257253183029606,Normal,Medium,0,Clogged
41959,94.21787135954064,27,11.749617558608074,4.828477083278162,Normal,High,1,Clean
26756,91.56301655927814,79,13.23821546135894,3.3992217574325925,Normal,High,1,Clogged
40762,89.06110308150717,52,12.639231863505229,3.43914893616142,Normal,High,1,Clean
37580,78.69053116699986,36,11.459144819231016,4.539111941966122,Normal,Medium,1,Clean
1824,85.78987384699839,61,11.52103624635437,4.701762350640967,Loose,Low,0,Clean
26231,64.60564778706922,37,13.5,4.424766414740166,Worn,Low,1,Clogged
36409,88.52490559807875,28,13.44579513928286,2.515450580533197,Normal,Low,1,Clogged
24303,75.17113339273624,43,10.737999800532627,4.4152034605262624,Normal,Medium,1,Clean
20370,73.44616024176344,38,11.549546373319489,2.5222524680354623,Normal,High,1,Dusty
35078,92.69841226730216,60,13.29859884693516,4.445481682073191,Normal,Medium,0,Dusty
7088,110.880034295169,32,12.487055188124868,1.7898041647252825,Loose,Low,1,Clogged
38569,103.7747490900347,41,12.991294499844464,3.3875839256739626,Loose,Medium,0,Dusty
27290,66.44249094565234,11,12.456633077731333,2.5149306325931944,Loose,High,1,Clogged
25789,75.15557795144494,72,12.958144743049845,4.543922782937631,Normal,Medium,0,Clogged
28678,104.11156781982324,41,12.504083482665804,4.838200128906816,Normal,High,1,Clogged
29210,75.26268909692536,60,12.193674220270124,3.738795816550319,Normal,High,1,Clean
15985,86.63050275004463,69,13.241120680940366,3.699330972725461,Normal,High,1,Dusty
44982,98.25078148536828,69,12.641438231217952,4.345012546977363,Loose,Medium,0,Clogged
21152,75.47483317704547,51,12.956672101370495,4.845337855938942,Worn,Medium,1,Clean
5248,91.5806325921894,24,12.610213547472537,3.544773409594594,Normal,Low,1,Clogged
21733,69.98961757622693,23,12.15955017451513,2.900389610062424,Loose,Low,1,Dusty
9935,80.9794853407318,33,13.5,4.276720983728586,Normal,Medium,0,Clogged
4209,94.79672901213806,78,12.748477778330368,1.2695271546875948,Normal,Low,1,Dusty
30855,66.10509399702497,64,12.251465948939494,4.591581847470591,Normal,High,1,Dusty
13616,96.607121069406,22,13.3948306292231,2.6477756606699456,Normal,Low,1,Dusty
25970,89.70543301609978,96,11.57542335828473,3.2117265604730614,Normal,High,1,Clean
42844,98.28734931625722,39,13.5,4.599261587741973,Loose,Low,0,Dusty
43418,93.35871201096992,47,12.3745951696356,3.001388580332371,Worn,Low,1,Dusty
39798,110.46210644960766,99,11.612390054831636,4.276890654289764,Normal,High,1,Dusty
43456,91.8783675397186,95,13.5,4.866690504889298,Normal,Low,0,Dusty
15183,83.5589168831212,15,12.175782670849046,3.632039708057007,Worn,Low,1,Dusty
1004,91.83446254548426,53,12.67027119889894,3.873737786989654,Loose,Low,0,Dusty
34482,98.14947043554582,42,13.002383519007624,3.356676951267537,Loose,Medium,0,Clean
34799,90.73290105488556,68,13.3289207693621,3.638717596476464,Normal,Low,0,Clean
28516,90.60887536805824,73,12.709842194605097,2.160314264059961,Worn,Medium,1,Clean
24460,79.47012468289867,12,12.046879214168976,3.1475142961303098,Normal,Medium,1,Clean
34091,80.05648623673578,38,12.653294766333795,1.9541532716209769,Loose,Medium,1,Clean
17812,68.9609209230046,52,12.206479118267795,2.421479330567122,Normal,Medium,0,Clogged
38297,116.24365114780409,60,12.674308173455168,1.0964611751934048,Loose,Medium,1,Clean
46696,71.34205146913072,80,13.5,3.816713784205864,Normal,Low,0,Dusty
49785,79.60642203306139,69,13.029147634150656,5.529922598452896,Normal,High,1,Clean
2605,79.22389101646203,35,12.644652506668836,2.952673117831315,Normal,Low,0,Clean
36895,103.42386565416662,8,13.01694358282444,4.658160308686855,Normal,Medium,1,Clean
46240,85.57575482561958,54,13.067056456336427,4.850831379220299,Loose,Low,0,Clogged
23200,108.716131090106,73,11.745488127921892,2.061035318782076,Worn,High,1,Clogged
35120,79.89764063634198,34,12.52920589785099,2.319447298771013,Worn,Low,1,Clogged
38178,94.18491243335704,92,13.5,4.688957706022649,Normal,Low,0,Clogged
21059,77.46979420110364,63,13.348974689522306,3.389190364409777,Loose,Medium,0,Clean
28009,122.17723691660083,71,12.14759510858716,1.9510533606192888,Loose,Medium,1,Dusty
28360,72.18602371455731,79,12.077754472717665,2.735768495685672,Normal,Low,0,Clean
11503,94.6473106534054,49,12.054431993777078,4.003592293774479,Normal,Medium,0,Clean
22232,99.50665321398148,8,13.10642396518344,2.5472759910742,Loose,Medium,1,Clogged
26326,96.20698646177247,30,13.5,0.5,Worn,High,1,Dusty
30854,87.22068511683437,31,12.90751693113604,3.1135841873505963,Loose,Medium,0,Dusty
14343,88.05268950399861,50,12.610013644908172,3.2108081673737647,Normal,Low,0,Dusty
44972,90.65717207968665,68,12.18909124965706,3.5110717209731925,Normal,Low,0,Dusty
49029,87.79496997557267,95,12.730561201908468,5.010660047947436,Normal,High,1,Clogged
6690,104.45818675192363,55,11.925914795932654,3.5642273574788543,Loose,High,1,Clean
18140,123.15784502387028,54,11.144964116952131,3.791524825310848,Loose,Low,1,Dusty
38913,81.6376232248825,10,13.5,4.766644368379303,Normal,Low,1,Dusty
42856,69.45295530631384,63,11.795931130746524,3.5124128190029142,Worn,Medium,1,Clogged
45097,88.67576927473118,19,12.272617338431475,6.0,Normal,Low,1,Clogged
41321,128.69564006481477,34,12.959450215440503,1.983550047225198,Worn,Low,1,Clogged
3830,77.94488148045404,46,13.5,2.379022744270588,Normal,Low,0,Clean
19587,114.58675208166102,41,12.679991456693037,4.236750089924977,Normal,Low,1,Clogged
41930,115.1655122111466,46,11.66440230863742,5.005176239526366,Normal,Low,1,Dusty
25004,81.69617637438009,39,12.289057485215912,3.2590460037576507,Normal,Medium,0,Dusty
7614,98.53474618777912,91,12.025060216482444,2.287254595052713,Normal,Low,0,Dusty
13823,114.42594934692806,10,12.473252280770076,5.613187502270423,Normal,Low,1,Clogged
34621,84.3130838851877,72,13.362389129888744,2.549157326234828,Normal,Low,0,Clean
11475,86.94629459846458,22,10.72382798275108,3.906865341359575,Loose,Low,1,Dusty
11523,81.27478629077035,77,12.212027118980757,5.076982173617342,Normal,Low,0,Dusty
21947,74.77864903960699,33,12.161165254529088,2.9700737318947747,Normal,Low,0,Dusty
25433,80.26083682400989,81,11.620267058573052,2.753446595291943,Normal,Medium,0,Clean
24459,71.64089599856615,63,12.909843520624731,2.835574709564403,Loose,Low,0,Clean
1167,90.5112520238884,51,11.509516889686768,4.581861507889718,Normal,Low,0,Clogged
30203,78.45040153412037,21,11.590074004492571,4.772177246243192,Worn,Low,1,Clogged
9837,93.50678867686122,26,13.09574844981443,3.5404704701145526,Loose,Medium,1,Clean
46927,66.66156530694559,72,13.5,5.75969870368368,Normal,High,1,Dusty
36987,94.96320348321686,73,12.44673226197163,3.538359871124153,Normal,Low,0,Clean
19629,102.50293442413388,41,11.647822716707514,5.050799857001799,Normal,High,1,Dusty
40751,60.09396536142817,53,12.006112135755226,2.981598074898873,Normal,Low,0,Dusty
32421,95.6108485477136,17,13.205601363071532,6.0,Worn,High,1,Clean
33807,108.41503488709938,38,12.581506768464376,5.384157698695653,Worn,Low,1,Clean
27855,71.85538471963191,90,12.429272856182656,3.3464304373657816,Normal,Medium,0,Clean
38232,115.08858580256556,57,12.719134796939205,5.221448250460403,Normal,Medium,1,Clean
5335,96.28528514049069,91,12.473638039532192,5.160776589406421,Loose,Low,0,Clogged
20659,79.42482216362387,55,13.5,5.363649291551178,Loose,High,1,Clogged
39310,89.16346383513441,7,11.97559971471448,0.5216163971356336,Normal,Medium,1,Clogged
48105,98.37490368782584,46,11.89522861821535,4.363221739149003,Normal,Low,0,Dusty
40580,91.14008087118616,36,11.53158253735194,4.15075852316689,Normal,Low,0,Clogged
38588,98.08133988669552,55,12.122008654992015,4.065287937132143,Loose,Low,0,Clogged
13716,76.1898961038095,89,11.735617167733691,3.762015720077477,Normal,High,1,Dusty
36047,92.54041236054115,50,12.652652856056909,3.797373535417432,Normal,Medium,0,Clogged
31971,68.7942825464253,25,12.5146631558676,5.039768366357697,Worn,Low,1,Clogged
17808,88.33160907976949,48,11.744647149952415,4.147368048432046,Loose,Medium,0,Clean
28032,76.44138537802816,15,12.91239755131958,3.7602877324788353,Worn,High,1,Clean
34849,78.9670508611535,72,13.5,4.867257217802743,Normal,Medium,0,Clogged
45945,108.54139762815656,5,12.750486844069716,4.001631414094244,Normal,Medium,1,Dusty
6213,106.36965180891404,96,10.719551271931168,4.116282112824056,Worn,Medium,1,Clean
49907,99.13707181360766,67,13.5,5.740444530573473,Normal,Low,0,Dusty
5304,73.61530852991132,28,13.02284642834974,2.978623144940423,Normal,Low,1,Dusty
10636,85.25387325457797,17,13.5,1.6811475939185088,Normal,High,1,Clogged
509,108.19646549968776,15,13.263506510304884,3.5868362131889566,Normal,Low,1,Clogged
19755,92.12575370459857,55,13.40336079320939,3.757452013948357,Normal,High,1,Clean
24293,124.7899430997254,21,12.64368682552076,4.365834835348629,Worn,Low,1,Clogged
30048,95.89976759091556,86,12.316392791467116,3.628779097594353,Worn,Low,1,Clean
38392,92.88073674735048,90,12.761436831412512,4.406143092767071,Worn,High,1,Clean
1515,85.36325303696248,28,12.003850443827424,6.0,Normal,Medium,1,Clean
28212,92.00311357173425,23,12.803716595630162,4.461817182652411,Normal,Low,1,Clogged
35461,87.71295245429184,41,10.661249619854503,4.672778361261762,Normal,Medium,1,Clogged
8915,100.62163015032884,89,12.530052571650089,3.344562310733079,Worn,Medium,1,Clean
46818,104.35053475191876,12,13.441273284071492,1.837691492591237,Normal,Medium,1,Clogged
47780,78.21015809238075,32,12.566016005250276,0.7422660954443057,Loose,Low,1,Clogged
24333,70.03150569663333,9,13.5,2.8775833014371384,Loose,High,1,Dusty
4658,62.45691940345056,21,12.315378228505976,0.5,Normal,High,1,Clogged
20809,97.61986990368815,40,13.20185563909148,4.116258830023129,Normal,Low,0,Clean
7470,73.4495009073919,23,11.885210948428645,3.040619618690175,Worn,High,1,Clean
7438,60.0,68,13.173369633688765,1.923950160229708,Worn,High,1,Clogged
21668,95.82867906796446,95,12.66281643575947,3.657048943938351,Normal,Medium,0,Clogged
47040,127.39499276149186,15,12.34617465291009,2.613641367629836,Normal,Medium,1,Dusty
20884,89.9089363269016,58,10.698282519454906,4.040931504380922,Worn,Low,1,Dusty
18517,102.57736161677462,49,12.321936256936116,4.349151595787005,Normal,Low,0,Dusty
10844,91.22744037821349,51,12.649417113495868,2.65779900441387,Normal,Medium,0,Clean
40534,88.51665520213287,16,13.080096604653942,3.215262582691609,Normal,High,1,Clean
9202,103.78614724481652,25,13.5,3.757874904605864,Normal,Medium,1,Clogged
884,85.64588183717024,15,13.5,1.8115493437490904,Normal,Medium,1,Clean
904,94.01088471107856,96,13.372387140186088,3.75776902745242,Normal,Low,0,Dusty
41443,94.8254670929402,9,12.106536772287065,1.7827776223047254,Normal,Low,1,Clogged
48426,79.97864319535427,85,12.286637137337582,4.178860375463443,Normal,Low,0,Clean
29689,104.88063524304783,60,13.01724082973058,2.977803604846161,Worn,Low,1,Clean
13263,87.37560364956887,24,12.86373012189346,1.7761487191469187,Loose,Medium,1,Clogged
18884,78.66382260760733,45,13.5,2.804031681031011,Loose,Low,0,Clean
33106,98.04764765355606,50,13.5,2.854790502567869,Loose,Medium,0,Clogged
10360,76.52298027313444,16,13.5,4.7822250600643335,Normal,Low,1,Clean
39257,90.42271736053692,74,13.5,3.707965639142953,Normal,Medium,0,Dusty
15606,89.86321505033695,21,12.869531854260028,2.352467050921841,Worn,Medium,1,Dusty
24074,106.28843348747368,23,13.44452754406209,5.478879544640584,Normal,Low,1,Clogged
24024,97.12047349319928,30,13.5,4.25178848181267,Normal,Low,0,Dusty
4136,89.62459561882284,52,12.396889721921488,3.096413157704405,Loose,Low,0,Clean
11416,102.26649448800433,56,12.127137319243868,1.6353989771659732,Normal,High,1,Clean
5309,110.8531132352597,74,11.962805299949828,2.990487704623768,Normal,Low,1,Clogged
32701,98.36715459527794,59,11.886530686588287,3.2353842984107954,Worn,Medium,1,Dusty
13956,90.15528929765073,79,11.532603274184767,3.9428387977403063,Worn,High,1,Clean
48712,70.32245651474761,37,12.67493119638241,4.228707811591587,Normal,Medium,0,Dusty
39265,74.02329505386942,66,11.800173039238308,4.467898514492882,Worn,Low,1,Dusty
35316,85.42162943467999,92,11.951534471105232,1.5662390829937434,Loose,High,1,Clogged
45606,80.85731696761076,27,12.990878891423709,3.750205785395891,Loose,Low,1,Clogged
17600,87.19543045521831,19,12.627126346377455,3.308461009702146,Normal,Low,1,Clean
22449,90.8497488734566,31,12.800737458443573,6.0,Normal,High,1,Clogged
5044,97.94539131535096,79,13.455604133324456,3.577633326915645,Loose,Medium,0,Clean
38244,88.94251832911362,68,13.105170935978556,2.7528161618463542,Worn,Low,1,Dusty
46043,97.29752465739304,85,13.5,3.632442628060298,Loose,Low,0,Clean
43283,90.9671162221518,55,12.555983546344647,3.4897180543870805,Normal,Low,0,Dusty
27157,60.36800150469193,57,13.5,1.1131528314187815,Normal,Medium,1,Clean
36687,75.90996909271868,82,12.751815735050222,3.989965356101405,Loose,Low,0,Clean
47698,87.83868666417577,95,12.618094382766644,3.127330291185702,Normal,High,1,Dusty
7739,71.85457885738339,86,13.5,3.4679705418073774,Normal,High,1,Clogged
14989,98.99893094994307,96,11.889492424564692,2.45171775933133,Normal,High,1,Clean
49901,112.96126248515546,55,13.5,2.187302923745317,Normal,Low,1,Dusty
43625,108.28142777545976,51,12.3025299859739,4.554658800890774,Loose,Medium,0,Dusty
29038,86.79835693604689,8,11.647324419915474,4.830147987731388,Loose,High,1,Clean
32549,112.36089205274928,11,12.957451366439104,4.001718326524682,Normal,High,1,Clean
37631,92.23001185803167,39,12.235874942917215,1.3270428793284386,Normal,Low,1,Clean
43444,84.94371043322941,52,13.5,4.079676031113588,Loose,Low,0,Clogged
8927,80.79896004688591,77,12.196969426850398,1.3448761383959766,Normal,Low,1,Dusty
41848,85.46295470267808,76,12.720114242146373,2.7065892382060817,Normal,Medium,0,Dusty
24785,84.17734772188157,49,11.502084679165328,4.5386701385086905,Worn,Medium,1,Clean
38126,92.55624333563232,85,13.06903997142823,4.289118178045389,Normal,High,1,Dusty
43308,92.40860971574796,85,11.955826946898767,4.048360837440164,Worn,Low,1,Dusty
23428,90.04569030230121,76,12.98532728323282,5.0754831847037405,Normal,Low,0,Clean
19698,96.55407254619524,23,12.200158332205897,4.172018176889512,Normal,Low,1,Dusty
20258,107.85969412179512,67,11.06714571929404,1.0771769299509413,Normal,Low,1,Dusty
15754,104.24331203161984,42,12.59183306324072,3.056562984492368,Worn,Low,1,Dusty
44738,67.72653047325144,71,12.560499961954903,3.450069850722727,Normal,Medium,0,Clogged
1752,60.0,63,13.11675010153583,3.309509927876753,Normal,Medium,0,Dusty
40264,104.01479866858912,73,13.5,2.7594377898771327,Worn,Medium,1,Clogged
12673,69.49681952376868,17,13.5,2.263812639843686,Normal,Low,1,Dusty
37941,86.62851897160975,51,13.10490794942962,6.0,Normal,Low,0,Dusty
27198,72.44830460910961,65,12.695033434446144,3.033506209753062,Normal,Low,0,Clogged
16281,62.970293436299706,35,11.500866487339174,6.0,Loose,High,1,Clean
13551,98.12194092307182,84,12.641414655893003,2.1304515142927354,Normal,Low,0,Dusty
40149,101.3873274045397,26,12.650458118957252,4.288472082510809,Normal,High,1,Clogged
7449,81.35234398909921,97,12.36095181824078,3.775569699667843,Normal,Low,0,Dusty
42789,60.0,90,12.943077355420566,2.393660567521927,Normal,High,1,Clean
8517,81.80633327621275,47,13.285333997687497,2.93893146821518,Worn,High,1,Clean
7441,95.8770600810382,71,11.92711724862992,3.481843916766836,Worn,Low,1,Dusty
26434,67.81632646838807,58,11.916210952060371,2.4870600594006493,Loose,Medium,0,Clean
23886,92.75039879668734,14,12.40249559175636,3.192631287157488,Loose,Low,1,Dusty
10709,89.77035226240507,46,12.069339566504452,0.6621170895312622,Loose,High,1,Dusty
18215,98.68937249401633,68,11.351122758348096,4.353819188322487,Normal,Low,1,Clean
29420,91.79370552621228,25,11.802385084573936,4.972582008947351,Loose,Low,1,Clogged
32203,75.40396588677666,84,11.63737519707379,4.045236448998391,Normal,Medium,0,Clogged
42818,107.94857252496736,80,13.345915355612709,6.0,Normal,High,1,Clogged
5137,87.62205640459545,70,13.5,4.318515473119872,Loose,Low,0,Clean
5354,89.59043190735102,45,11.73319657989379,4.871371566533072,Normal,Medium,0,Dusty
43588,76.00098061390206,28,12.882251459195976,4.986035399012133,Worn,Low,1,Clean
38160,83.35076623212734,39,13.111461497128824,0.5,Normal,Low,1,Clogged
40311,76.72795928959648,60,11.455411849338097,4.008407838499476,Loose,Medium,1,Dusty
49789,87.40580910114866,34,12.6126852630253,1.8404780596198629,Normal,Low,1,Clean
20356,115.67562720213516,61,13.5,2.082915858115033,Loose,Low,1,Clean
22333,69.42148285602966,98,12.974002806450342,2.291632073837702,Loose,High,1,Clogged
20463,65.79657903184888,51,12.32828962106723,3.124741039979148,Normal,Low,0,Dusty
37432,112.06755491240412,39,12.107869432347254,4.2805519528852365,Normal,Medium,1,Dusty
27669,86.86014484272201,23,11.084276890695374,4.020787790008045,Normal,Low,1,Clean
8441,79.96390892010125,12,12.829331559281712,3.484902340618883,Normal,Low,1,Clogged
14888,105.59857031094114,30,13.5,4.367220129447153,Loose,Low,0,Clean
6069,80.91576690394703,75,11.930519371921456,4.440183585910523,Worn,Medium,1,Dusty
4800,117.39014570320404,34,11.145090724338058,4.031149027080015,Normal,Medium,1,Dusty
39537,100.16888807008904,11,12.035043073052742,1.4305942567102568,Loose,Low,1,Clogged
37086,82.68132887781447,71,13.117119822184746,2.612800652771931,Worn,Low,1,Clogged
12515,122.35962319898256,69,12.20004999662454,3.5315934007311784,Normal,High,1,Dusty
45502,80.91427615494993,40,11.925672334960838,4.380143459769301,Loose,Low,0,Clogged
6754,101.1314305801396,29,12.513408440540502,1.905704410731216,Loose,High,1,Clean
17644,94.48938870609736,41,12.660790523017498,3.486385772269664,Normal,Low,0,Clean
24714,109.52611934098198,5,11.528126901459814,1.6212506523326575,Normal,Medium,1,Clean
40618,113.4226679509028,19,12.347901412144225,4.7311015828631335,Normal,Low,1,Clean
15683,90.4800622359865,41,12.151912670254363,3.790816734037669,Worn,High,1,Dusty
6738,78.69873194480725,17,12.051366955526342,1.8846367568528688,Worn,Medium,1,Clogged
6590,96.89958214408676,12,11.788074331425989,1.876725754634848,Loose,Low,1,Dusty
12137,79.8342694537184,9,13.15888049835636,3.964918245901112,Normal,Low,1,Clogged
22915,120.20080871289936,64,12.04892914984138,5.149758697475798,Normal,Medium,1,Dusty
24571,92.04802996624106,77,11.1035382999307,2.183856995060784,Normal,Medium,1,Dusty
45915,84.52017673031837,5,12.685008475382803,4.443924930339293,Normal,Low,1,Clean
43179,92.77020458797362,40,13.007639630871228,2.8493147383666044,Loose,Low,0,Clogged
41740,69.79310565705455,39,11.942788754348886,4.487832923231464,Worn,High,1,Clean
18771,75.42578942234023,70,12.108236117151224,4.319829092438376,Worn,Low,1,Dusty
36534,108.0062086191664,67,12.04566239570014,3.686359809778928,Loose,Medium,0,Clogged
33934,80.14658581542906,27,12.257342646998923,1.2987304324633009,Normal,Low,1,Dusty
4688,74.2963352597709,13,13.274795127532876,4.317422780148936,Normal,High,1,Clogged
10661,98.04979128790929,38,12.42015857933935,4.102423125196238,Normal,High,1,Dusty
29232,107.78556231994496,50,13.087715481967043,3.9925157038334023,Loose,High,1,Clean
11814,100.784299659976,82,11.821817857917273,3.734808875877174,Loose,Low,0,Dusty
24454,104.94071528708724,8,12.231416706293311,2.44545573400147,Normal,High,1,Dusty
22008,78.64807367145809,34,13.167809671093115,4.799555325222934,Normal,Low,0,Clean
22469,68.67283999887235,99,11.93607622110162,4.577767664979963,Normal,Medium,0,Clogged
46159,112.5200047793323,79,13.208495522635973,2.209492667786402,Normal,Medium,1,Clean
38045,85.15980241736797,76,12.060131136303402,5.0771540126213015,Normal,Low,0,Clogged
37168,86.23750475317429,7,12.274836239459106,3.658003321562465,Normal,High,1,Dusty
23561,109.92291212773588,18,13.5,3.654964343774207,Normal,Low,1,Dusty
14216,98.3434501410099,64,12.194926715983636,3.2883735962975806,Worn,Medium,1,Clean
40249,96.83831658122412,81,12.601742061925444,3.406407924097933,Normal,Medium,0,Clogged
39644,122.47503517351626,49,12.931505495765215,5.145079025971723,Normal,Medium,1,Clogged
17407,80.34722654429785,38,12.658556054770408,4.739689981518218,Normal,Low,0,Clogged
19277,103.91760192121856,49,12.678537344222704,4.714216500367298,Normal,Low,0,Clean
28193,90.85519687345626,65,12.460422179212786,3.7214772230544537,Normal,High,1,Dusty
43428,94.02888418294886,87,11.588432553688572,4.567006068241276,Normal,Low,0,Dusty
26829,112.92702639618798,20,12.74380253106983,2.498824311151313,Normal,Low,1,Clean
47392,97.61753634434436,70,11.987272080091842,4.20013157419768,Normal,Low,0,Clean
16782,98.07444118574448,44,13.043037052182225,3.3158143616372397,Loose,Low,0,Clogged
24124,106.08761005964703,21,13.46044299676478,1.028234015110013,Normal,High,1,Clogged
23821,84.52570905685673,38,11.23610991700809,1.596678009413644,Loose,Low,1,Clogged
10988,77.4118549899149,20,13.461665479198974,2.704425463892936,Normal,Medium,1,Dusty
23074,74.3278620896845,64,12.212259545693067,3.998184781218452,Normal,Low,0,Clean
5740,60.50465115935997,70,12.40833554447087,2.705504253999237,Normal,Low,0,Clean
43721,120.84310694910484,70,11.861328783241326,2.7906599151383493,Normal,Low,1,Dusty
10978,73.45187451417476,94,12.631927410346394,4.4159131062498105,Worn,Low,1,Clean
45662,86.68119564621342,17,12.546770418224185,2.8339854566603755,Loose,Low,1,Clean
19762,85.84780050166619,60,13.253845977704994,5.096968690441293,Worn,Medium,1,Clean
4932,94.61110046713652,35,11.98102470635882,4.8981484877841615,Worn,Low,1,Clean
30221,102.23605818808946,38,13.5,3.526257584685582,Loose,Low,0,Dusty
14068,102.90710232539618,43,12.965299860416224,4.404153741989994,Normal,Low,0,Clean
14678,81.25383842146593,71,12.563678283742789,4.240688545227658,Normal,Low,0,Clean
22695,87.49317429320382,12,12.373450945273156,3.205201668848716,Worn,High,1,Clogged
802,94.2386992573245,91,12.285401387006305,4.533961595566575,Loose,Medium,0,Clogged
17522,86.26963310724679,82,12.331059357915446,4.710682466468633,Normal,Low,0,Clogged
555,114.1101836402999,59,12.617881369854832,2.3570777230515194,Loose,Low,1,Dusty
46281,97.36462427457376,31,12.353700027514387,3.684258365984889,Normal,High,1,Clogged
9217,101.02316679074728,97,12.05162938044476,3.671004587091399,Normal,Low,0,Clean
29199,99.9432190300112,57,12.622121506385692,4.519543360940846,Normal,High,1,Dusty
8650,107.60210786227988,43,11.91459831689223,2.967369979460796,Loose,Low,0,Clean
2625,92.7153233805556,69,12.725726830701223,2.782687600668285,Worn,High,1,Dusty
44747,70.5475207806623,21,12.34385307516348,3.702799592373384,Normal,High,1,Dusty
49013,95.99531927628962,34,12.98771163646229,4.917631067904288,Normal,Medium,0,Clogged
17248,80.22964659312257,57,13.192351947486834,2.06074746150808,Normal,Low,0,Clean
40077,82.07074977375365,17,13.192076392241315,2.2702326159954467,Loose,Low,1,Clogged
5121,98.7954602813264,25,12.72267353923684,2.875394110435294,Normal,Low,1,Dusty
15534,108.57424607150452,23,12.804381854536793,3.088907513502137,Normal,Low,1,Clogged
46891,90.31907365104092,57,12.274074281717096,1.381300637074982,Normal,Low,1,Clogged
5626,94.63249518898444,23,12.974347781938343,5.2978343442981775,Normal,Low,1,Clean
5622,115.53322416952857,61,13.053350952463209,3.3436320903810657,Normal,Medium,1,Clean
18530,93.61129769232852,29,11.40286959253283,3.1638745709840346,Loose,Medium,1,Dusty
17802,129.02524671270592,90,12.764843036925084,5.4471650456425005,Normal,Low,1,Dusty
19681,98.48264468447316,35,13.457690865396208,4.361352194148575,Loose,Low,0,Clean
39138,63.58855861266274,85,12.250596793776651,2.8574937471999817,Normal,High,1,Clogged
2031,101.300124316568,59,12.097817116706285,3.6975294143697854,Normal,Low,0,Dusty
41440,95.71737577324168,27,12.206095577239576,3.4499154411482253,Normal,Medium,1,Clogged
40941,109.3462913112412,36,11.446586805019612,5.238021028315132,Loose,Low,1,Clogged
23833,100.09772026904938,66,12.588188768114238,3.299090957979688,Worn,Low,1,Clean
40150,87.92316024024339,78,12.520975808068076,1.7695285497701485,Worn,Low,1,Clean
35174,71.63552645565952,14,12.637918783014111,1.2473310718336452,Normal,Low,1,Clogged
36354,86.86465114070963,76,12.79118363485246,5.270193616888025,Normal,High,1,Clogged
46771,77.2421931868605,58,11.941404618472966,2.553662362684844,Loose,Medium,0,Clean
8652,81.29214825292917,56,12.69123943931543,4.304253986759972,Loose,Low,0,Clean
39018,98.82867606630914,24,12.810239061941012,3.5861161168580624,Normal,High,1,Clogged
46040,115.0485675652711,36,12.158125788428077,3.000014254546091,Loose,Low,1,Clean
10767,95.92007294734472,18,12.79408259877638,3.188183099596249,Normal,High,1,Clogged
25789,72.06175406947224,54,12.55649463847072,5.40005345783544,Normal,High,1,Clogged
1562,96.66904002330212,32,12.058167161389632,1.7623238856282502,Normal,Low,1,Dusty
30426,107.94947229968476,57,12.697952087538573,3.036253723092889,Normal,Low,0,Clogged
6729,80.85325643520926,28,12.296502479652746,4.587878912820441,Normal,Low,1,Clean
49777,87.98974249990623,83,12.98794569181007,1.9602259898644927,Normal,Medium,1,Dusty
48415,90.22032292093796,26,12.332583533951674,5.080739369333101,Normal,Medium,1,Clean
5132,78.2265253037664,34,11.59716409276446,4.570699658904351,Normal,High,1,Clean
39556,99.72420650765788,67,12.686890889869357,3.826154822158805,Normal,Medium,0,Clogged
4096,88.18577777088328,8,12.660582273482005,2.896211714870879,Loose,Low,1,Dusty
44743,96.2929866586054,81,11.743204021041636,1.806120613779252,Normal,Low,1,Dusty
6668,76.6876173329685,63,13.025375280804711,4.348455072960885,Normal,Medium,0,Clogged
43063,83.43812549514884,91,12.988754585294837,6.0,Normal,Low,0,Clean
8061,100.83572036741656,12,11.891013865267563,3.6750710431002296,Worn,Medium,1,Clogged
8758,84.40750271862349,86,12.03826158925806,1.3087455071217189,Normal,Low,1,Clean
17116,115.90445776850108,16,12.40059467087933,4.049019788152097,Normal,Low,1,Dusty
27234,84.00545721578096,35,11.968803508273654,4.532315565681435,Normal,Low,0,Dusty
6871,93.37027088627828,82,12.948278029438177,2.3985770817248757,Loose,Medium,0,Clean
26569,103.98886247809637,38,12.604280364529046,2.725385688692725,Normal,Low,0,Clogged
14869,68.72451400600453,86,11.734509997878234,2.6031461255044497,Normal,Medium,0,Dusty
13410,63.587867820288366,79,11.924270361005496,2.8623633597635734,Normal,Low,0,Dusty
8443,67.11515528144858,80,13.33140342401648,3.293404262866345,Normal,Medium,0,Clogged
12699,108.93876155140774,53,13.5,2.4669186698077965,Loose,Medium,0,Clogged
16228,81.72212781161329,83,12.877110283236757,2.01699471037733,Worn,Low,1,Clean
23775,128.37298928502378,61,12.35210732139478,3.709250462810021,Loose,Medium,1,Clogged
7238,81.53628602013917,99,12.192025961315396,3.2808055521635597,Loose,Low,0,Clean
16413,92.76826954795555,97,12.884789592817704,2.97650987585982,Normal,Low,0,Dusty
35740,113.13164928851812,30,12.55314437398164,3.599827660065817,Normal,Low,1,Dusty
19623,120.09139332238684,22,11.372949986809935,1.675789153329867,Loose,Medium,1,Clean
48947,120.92255364954596,90,13.22230758777438,3.815843507596112,Normal,High,1,Clean
35029,108.12549345889714,42,13.442062287154007,3.0011741596525248,Worn,Medium,1,Clogged
10667,105.36093788717191,85,13.016076773060238,3.7873873617353353,Normal,Medium,0,Clogged
11054,98.88790423801774,91,11.735872163760254,3.979578926502761,Normal,Medium,0,Clogged
17760,101.67541614249956,92,12.054221485193665,4.857381533943413,Loose,Low,0,Dusty
47545,81.732214255072,54,11.199596097049602,3.6235453003866938,Loose,High,1,Clean
